,index,Date,CloseBTC,CloseGold,CloseBTC_minmax_norm,CloseGold_minmax_norm,CloseBTC_z_norm,CloseGold_z_norm
0,0,2010-07-25,0.1,1189.6,0.0,0.0787122836973949,-0.5056492133881327,-1.3187410685735599
1,1,2010-08-01,0.1,1170.3,0.0,0.05861774566353617,-0.5056492133881327,-1.4093362131527833
2,2,2010-08-08,0.1,1192.58,0.0,0.08181496366324462,-0.5056492133881327,-1.3047528027266122
3,3,2010-08-15,0.1,1204.8200000000004,0.0,0.0945588572142519,-0.5056492133881327,-1.247297643677403
4,4,2010-08-22,0.1,1228.36,0.0,0.11906794660891645,-0.5056492133881327,-1.1367997315844038
5,5,2010-08-29,0.1,1233.92,0.0,0.124856839431106,-0.5056492133881327,-1.1107008194672796
6,6,2010-09-05,0.1,1246.48,0.0,0.13793390666972077,-0.5056492133881327,-1.0517435647566553
7,7,2010-09-12,0.1,1251.5749999999996,0.0,0.1432386564771043,-0.5056492133881327,-1.0278273853975306
8,8,2010-09-19,0.1,1265.8,0.0,0.15804926805905498,-0.5056492133881327,-0.9610545391985934
9,9,2010-09-26,0.1,1286.38,0.0,0.17947650084334602,-0.5056492133881327,-0.8644510119737001
10,10,2010-10-03,0.1,1307.14,0.0,0.20109114382691637,-0.5056492133881327,-0.7670025559392606
11,11,2010-10-10,0.1,1335.76,0.0,0.23088936551235864,-0.5056492133881327,-0.6326588752212619
12,12,2010-10-17,0.1,1363.2599999999998,0.0,0.2595214792911727,-0.5056492133881327,-0.5035725293182239
13,13,2010-10-24,0.1,1339.7400000000002,0.0,0.23503321325198367,-0.5056492133881327,-0.6139765604323846
14,14,2010-10-31,0.1857142857142857,1339.5400000000004,1.3094369813811152e-06,0.23482497969722885,-0.5056427511211941,-0.6149153702207695
15,15,2010-11-07,0.2571428571428572,1364.7400000000002,2.4006344658653787e-06,0.2610624075963603,-0.5056373658987453,-0.4966253368841672
16,16,2010-11-14,0.2428571428571429,1396.0399999999993,2.1823949689685267e-06,0.2936509589155189,-0.505638442943235,-0.34970160500180364
17,17,2010-11-21,0.27142857142857146,1349.7199999999998,2.6188739627622316e-06,0.24542406763425836,-0.5056362888542555,-0.5671299519919383
18,18,2010-11-28,0.3,1367.6,3.055352956555936e-06,0.26404014742935666,-0.505634134765276,-0.4832003569102527
19,19,2010-12-05,0.2285714285714286,1386.44,1.9641554720716734e-06,0.2836557482872791,-0.5056395199877248,-0.3947644748443155
20,20,2010-12-12,0.2,1396.5000000000002,1.5276764782779683e-06,0.2941298960914564,-0.5056416740767044,-0.347542342488512
21,21,2010-12-19,0.21428571428571427,1387.08,1.7459159751748205e-06,0.28432209566249494,-0.5056405970322146,-0.39176028352148173
22,22,2010-12-26,0.2571428571428572,1385.125,2.4006344658653787e-06,0.2822866126647648,-0.5056373658987453,-0.400937149202952
23,23,2011-01-02,0.3,1405.4800000000002,3.055352956555936e-06,0.3034795826999565,-0.505634134765276,-0.3053897829899923
24,24,2011-01-09,0.3,1382.88,3.055352956555936e-06,0.2799491910126399,-0.505634134765276,-0.41147528907758135
25,25,2011-01-16,0.3428571428571429,1378.14,3.7100714472464948e-06,0.27501405576494603,-0.5056309036318067,-0.4337250810623234
26,26,2011-01-23,0.3571428571428571,1356.45,3.928310944143346e-06,0.2524311267517648,-0.5056298265873168,-0.535539002612757
27,27,2011-01-30,0.4142857142857143,1333.7800000000002,4.801268931730757e-06,0.22882785332028424,-0.5056255184093578,-0.6419530921262797
28,28,2011-02-06,0.7428571428571429,1341.1,9.820777360358368e-06,0.2364492014243174,-0.5056007463860931,-0.6075926538713631
29,29,2011-02-13,1.0142857142857142,1359.52,1.3967327801398566e-05,0.2556275118172542,-0.5055802825407876,-0.5211282723610362
30,30,2011-02-20,0.9714285714285716,1377.16,1.331260931070801e-05,0.27399371134664646,-0.5055835136742568,-0.4383252490254136
31,31,2011-02-27,0.9142857142857144,1409.475,1.2439651323120599e-05,0.3076390479561876,-0.5055878218522158,-0.28663705746698875
32,32,2011-03-06,0.9000000000000001,1424.28,1.2221411826223748e-05,0.32305353684692745,-0.5055888988967057,-0.21714166288173414
33,33,2011-03-13,0.9000000000000001,1424.8,1.2221411826223748e-05,0.3235949440892905,-0.5055888988967057,-0.21470075743193132
34,34,2011-03-20,0.8285714285714285,1406.62,1.1130214341739482e-05,0.30466651396205974,-0.5055942841191545,-0.30003856719619526
35,35,2011-03-27,0.8428571428571429,1430.5,1.1348453838636335e-05,0.3295296003998084,-0.5055932070746648,-0.18794467846293755
36,36,2011-04-03,0.7999999999999999,1425.3200000000004,1.0693735347945776e-05,0.32413635133165397,-0.505596438208134,-0.21225985198212635
37,37,2011-04-10,0.7285714285714285,1454.72,9.602537863461513e-06,0.35474668388064057,-0.5056018234305829,-0.07425481308942451
38,38,2011-04-17,0.9571428571428572,1466.44,1.3094369813811156e-05,0.36694917018928436,-0.5055845907187466,-0.01924055949002011
39,39,2011-04-24,1.342857142857143,1497.075,1.8986836230026177e-05,0.39884534493888346,-0.5055555105175229,0.12456162984596533
40,40,2011-05-01,2.4142857142857137,1523.02,3.5354798497290106e-05,0.4258584428294775,-0.5054747321807902,0.24634872964430493
41,41,2011-05-08,3.4714285714285715,1516.76,5.150452126765721e-05,0.4193407325656456,-0.5053950308885473,0.21696398326783137
42,42,2011-05-15,6.257142857142857,1504.12,9.406122316254346e-05,0.4061803719051287,-0.5051850072130426,0.15763120464185224
43,43,2011-05-22,6.757142857142857,1493.36,0.00010169960555393331,0.39497740665930897,-0.5051473106559007,0.10712323802669955
44,44,2011-05-29,8.142857142857142,1524.84,0.000122868836752928,0.42775336817774806,-0.5050428373403931,0.25489189871861484
45,45,2011-06-05,12.514285714285714,1538.0,0.0001896501228033649,0.44145513608062803,-0.504713261726524,0.3166655827943968
46,46,2011-06-12,22.57142857142857,1539.72,0.00034329072861874905,0.4432459446515212,-0.5039550224057271,0.32473934697451434
47,47,2011-06-19,17.957142857142856,1526.4599999999996,0.0002727993711210657,0.42944005997126333,-0.5043029077759222,0.26249625800453774
48,48,2011-06-26,17.357142857142858,1532.2,0.0002636333122513979,0.4354163629927327,-0.5043481436444925,0.28944009893121064
49,49,2011-07-03,16.142857142857142,1498.0400000000004,0.0002450829550151654,0.3998500718405768,-0.5044396924261229,0.12909138707492826
50,50,2011-07-10,14.285714285714288,1528.1,0.00021671182041857468,0.43114757512025476,-0.5045797082097927,0.27019449826930236
51,51,2011-07-17,13.828571428571431,1574.94,0.00020972815651787538,0.479915873643879,-0.5046141736334653,0.49006375070924296
52,52,2011-07-24,13.728571428571426,1597.56,0.00020820048003959734,0.5034670886866709,-0.5046217129448937,0.5962431377756695
53,53,2011-07-31,13.685714285714289,1617.06,0.00020754576154890687,0.5237698602752847,-0.504624944078363,0.687777092143279
54,54,2011-08-07,9.94285714285714,1645.86,0.0001503670133619314,0.5537554921600065,-0.5049071297346823,0.8229657016708251
55,55,2011-08-14,9.671428571428573,1744.1,0.00014622046292089126,0.656039814255669,-0.5049275935799878,1.2841090697258999
56,56,2011-08-21,11.157142857142857,1799.38,0.0001689173705981639,0.7135955687899549,-0.504815580953052,1.5435960952357188
57,57,2011-08-28,9.757142857142858,1811.0,0.00014752989990227236,0.7256939383212211,-0.5049211313130493,1.5981409439409298
58,58,2011-09-04,8.5,1828.6600000000005,0.00012832482417534933,0.7440809612060892,-0.5050159112281489,1.681037848255393
59,59,2011-09-11,6.2714285714285705,1848.725,9.427946265944031e-05,0.7649719925868853,-0.5051839301685528,1.7752239402751893
60,60,2011-09-18,5.3,1810.16,7.943917687045434e-05,0.72481935739125,-0.505257169193857,1.59419794282971
61,61,2011-09-25,5.571428571428571,1753.0400000000004,8.358572731149454e-05,0.6653478541532186,-0.5052367053485515,1.3260738672667447
62,62,2011-10-02,4.928571428571429,1619.06,7.376494995113618e-05,0.5258521958228348,-0.505285172350591,0.6971651900271364
63,63,2011-10-09,4.571428571428571,1639.48,6.830896252871486e-05,0.5471128417633218,-0.5053120984628352,0.7930176694213206
64,64,2011-10-16,3.957142857142857,1671.94,5.892466416215019e-05,0.5809091477000604,-0.5053584113758953,0.9453864980763261
65,65,2011-10-23,2.657142857142857,1644.0400000000004,3.906486994453661e-05,0.5518605668117365,-0.5054564224244641,0.8144225325965173
66,66,2011-10-30,3.0285714285714285,1713.34,4.473909686385478e-05,0.624013493534348,-0.5054284192677302,1.1397201242721733
67,67,2011-11-06,3.157142857142857,1736.6799999999996,4.670325233592645e-05,0.6483143493742577,-0.5054187258673223,1.2492792265767876
68,68,2011-11-13,2.9857142857142853,1785.2,4.4084378373164215e-05,0.6988318097578244,-0.5054316504011995,1.4770344812391698
69,69,2011-11-20,2.2571428571428567,1755.5600000000004,3.295416403142473e-05,0.6679715969431318,-0.5054865796701777,1.337902870600405
70,70,2011-11-27,2.3999999999999995,1690.425,3.513655900039326e-05,0.6001551339982925,-0.50547580922528,1.0321559927678776
71,71,2011-12-04,2.8714285714285714,1730.4,4.23384623979894e-05,0.6417758157549508,-0.5054402667571176,1.2198005992214775
72,72,2011-12-11,3.0285714285714285,1724.42,4.473909686385478e-05,0.635549632467776,-0.5054284192677302,1.191730186548744
73,73,2011-12-18,3.2,1615.72,4.7357970826617015e-05,0.5223746954584262,-0.5054154947338529,0.6814870665610949
74,74,2011-12-25,3.914285714285714,1607.1,5.826994567145964e-05,0.513399829248485,-0.5053616425093646,0.641024364681669
75,75,2012-01-01,4.4,1565.7,6.569008856595264e-05,0.4702954834141974,-0.5053250229967124,0.4466907384858218
76,76,2012-01-08,6.171428571428572,1611.775,9.275178618116236e-05,0.5182672885908836,-0.5051914694799812,0.6629690434851865
77,77,2012-01-15,6.6571428571428575,1631.08,0.00010017192907565534,0.5383670324636111,-0.505154849967329,0.7535876583091191
78,78,2012-01-22,6.2285714285714295,1658.1249999999998,9.362474416874979e-05,0.5665254149053576,-0.505187161302022,0.88053821194358
79,79,2012-01-29,5.7285714285714295,1700.02,8.598636177735994e-05,0.6101451387876642,-0.5052248578591639,1.0771953923656834
80,80,2012-02-05,5.828571428571429,1742.12,8.75140382556379e-05,0.6539783020635944,-0.5052173185477357,1.274814852820881
81,81,2012-02-12,5.642857142857144,1732.16,8.467692479597882e-05,0.643608271036795,-0.5052313201261026,1.228062125359272
82,82,2012-02-19,4.4857142857142875,1723.3,6.699952554733377e-05,0.6343835245611477,-0.5053185607297738,1.1864728517337833
83,83,2012-02-26,4.685714285714286,1771.775,7.005487850388969e-05,0.6848541323948942,-0.5053034821069171,1.4140168741937773
84,84,2012-03-04,4.828571428571427,1740.08,7.223727347285819e-05,0.6518543198050933,-0.5052927116620194,1.2652389929793466
85,85,2012-03-11,4.914285714285716,1693.3399999999995,7.354671045423936e-05,0.6031901380588462,-0.5052862493950807,1.0458391454335974
86,86,2012-03-18,5.242857142857141,1670.0,7.856621888286692e-05,0.5788892822189368,-0.5052614773718161,0.9362800431289842
87,87,2012-03-25,4.714285714285714,1653.64,7.049135749768339e-05,0.5618557774399767,-0.5053013280179376,0.8594854024390313
88,88,2012-04-01,4.799999999999999,1669.94,7.18007944790645e-05,0.5788268121525103,-0.5052948657509989,0.9359984001924687
89,89,2012-04-08,4.871428571428573,1647.075,7.28919919635488e-05,0.5550205110051434,-0.50528948052855,0.8286689711352692
90,90,2012-04-15,4.914285714285714,1659.92,7.354671045423932e-05,0.5683943110592842,-0.5052862493950807,0.8889640297943433
91,91,2012-04-22,5.128571428571429,1644.1,7.682030290769212e-05,0.5519230368781625,-0.5052700937277342,0.8147041755330307
92,92,2012-04-29,5.042857142857144,1647.98,7.551086592631102e-05,0.5559627678404098,-0.5052765559946728,0.8329170854277145
93,93,2012-05-06,5.057142857142859,1651.48,7.572910542320788e-05,0.5596068550486225,-0.5052754789501831,0.8493462567244648
94,94,2012-05-13,4.9714285714285715,1603.0,7.441966844182675e-05,0.5091310413760073,-0.5052819412171217,0.6217787640197618
95,95,2012-05-20,5.071428571428571,1563.9399999999996,7.594734492010471e-05,0.4684630281323528,-0.5052744019056933,0.43842921234802523
96,96,2012-05-27,5.114285714285714,1567.78,7.660206341079526e-05,0.47246111238364946,-0.505271170772224,0.45645436028503317
97,97,2012-06-03,5.200000000000001,1573.775,7.791150039217639e-05,0.4787029131874311,-0.5052647085052854,0.48459518369189625
98,98,2012-06-10,5.5,1607.38,8.249452982701028e-05,0.5136913562251422,-0.5052420905710002,0.64233869838541
99,99,2012-06-17,6.028571428571429,1614.3399999999995,9.056939121219384e-05,0.520937883930616,-0.5052022399248789,0.6750092790212306
100,100,2012-06-24,6.499999999999999,1598.64,9.777129460978996e-05,0.5045915498823481,-0.5051666974567165,0.6013127106329532
101,101,2012-07-01,6.571428571428572,1578.44,9.886249209427424e-05,0.48355996085209174,-0.5051613122342676,0.5064929220059934
102,102,2012-07-08,6.671428571428571,1601.4499999999996,0.00010039016857255219,0.5075172313266555,-0.5051537729228393,0.6145029881597704
103,103,2012-07-15,7.428571428571429,1579.92,0.00011195686190808539,0.48510088915727884,-0.5050966895648815,0.513440114440048
104,104,2012-07-22,8.728571428571428,1582.6600000000005,0.00013181665612569895,0.487953688857423,-0.5049986785163126,0.5263018085409348
105,105,2012-07-29,8.742857142857144,1598.8,0.00013203489562259584,0.504758136726152,-0.5049976014718228,0.6020637584636611
106,106,2012-08-05,10.214285714285714,1605.4599999999996,0.00015451356380297162,0.5116923140994936,-0.5048866658893767,0.6333261244169044
107,107,2012-08-12,11.242857142857142,1614.46,0.000170226807579545,0.5210628240634696,-0.5048091186861133,0.6755725648942648
108,108,2012-08-19,11.742857142857144,1609.02,0.00017786518997093488,0.5153988713741332,-0.5047714221289715,0.6500369386501724
109,109,2012-08-26,10.228571428571428,1647.36,0.00015473180329986848,0.5553172438206692,-0.5048855888448869,0.8300067750837181
110,110,2012-09-02,10.55714285714286,1667.36,0.00015975131172849615,0.5761405992961705,-0.5048608168216223,0.9238877539222919
111,111,2012-09-09,10.87142857142857,1705.9499999999996,0.00016455258066022684,0.61631926368615,-0.5048371218428473,1.1050311025913186
112,112,2012-09-16,11.528571428571427,1746.0,0.00017459159751748204,0.6580180330258417,-0.504787577796318,1.2930277627155649
113,113,2012-09-23,12.271428571428574,1769.66,0.00018594005135611844,0.6826520625533599,-0.5047315714828501,1.404088960681598
114,114,2012-09-30,12.3,1765.0400000000004,0.00018637653034991213,0.6778418674385195,-0.5047294173938706,1.382402454569889
115,115,2012-10-07,12.571428571428573,1780.64,0.00019052308079095233,0.6940840847094102,-0.5047089535485649,1.4556296180639752
116,116,2012-10-14,11.914285714285715,1765.3,0.0001804840639336971,0.6781125710597005,-0.5047584975950943,1.3836229072947883
117,117,2012-10-21,11.77142857142857,1739.66,0.00017830166896472857,0.6514170293401079,-0.504769268039992,1.2632674924237373
118,118,2012-10-28,11.0,1711.36,0.00016651673613229853,0.6219519813422734,-0.5048274284424394,1.1304259073671543
119,119,2012-11-04,10.742857142857144,1704.78,0.0001625884251881552,0.6151010973908335,-0.5048468152432553,1.099539065329264
120,120,2012-11-11,10.871428571428574,1713.0399999999993,0.0001645525806602269,0.6237011432022148,-0.5048371218428473,1.1383119095895917
121,121,2012-11-18,11.314285714285711,1722.3200000000004,0.00017131800506402925,0.6333631801428486,-0.5048037334636646,1.1818726837706952
122,122,2012-11-25,12.142857142857142,1734.1,0.00018397589588404673,0.6456281365179184,-0.504741264883258,1.237168580306613
123,123,2012-12-02,12.428571428571427,1729.2599999999998,0.00018834068582198376,0.6405888844928469,-0.5047197239934627,1.2144493834276773
124,124,2012-12-09,13.3,1702.14,0.00020165329513269182,0.6123524144680674,-0.5046540242795867,1.0871467761225728
125,125,2012-12-16,13.542857142857144,1705.8399999999995,0.00020536336657993833,0.6162047352310346,-0.5046357145232606,1.104514757207706
126,126,2012-12-23,13.414285714285715,1667.4,0.00020339921110786662,0.5761822460071216,-0.5046454079236685,0.92407551587997
127,127,2012-12-30,13.414285714285715,1658.975,0.00020339921110786662,0.5674104075130666,-0.5046454079236685,0.88452815354422
128,128,2013-01-06,13.400000000000002,1671.125,0.0002031809716109698,0.5800605959644337,-0.5046464849681583,0.9415608481886539
129,129,2013-01-13,13.942857142857141,1659.8200000000004,0.00021147407249305015,0.568290194281907,-0.5046055572775472,0.888494624900152
130,130,2013-01-20,15.114285714285714,1682.4,0.00022936971123859208,0.5917997626137477,-0.5045172396293861,0.9944862500089005
131,131,2013-01-27,17.371428571428574,1676.25,0.0002638515517482948,0.5853965808050309,-0.5043470666000027,0.9656178490160385
132,132,2013-02-03,19.857142857142858,1664.6,0.0003018252242083471,0.5732669762405513,-0.504159660858783,0.9109321788425688
133,133,2013-02-10,22.08571428571429,1672.36,0.00033587058572425615,0.5813464381650458,-0.5039916419183792,0.9473579986319355
134,134,2013-02-17,26.042857142857148,1636.92,0.00039632292636468435,0.5444474522624576,-0.5036933005947133,0.7810009041299834
135,135,2013-02-24,29.4,1582.9499999999996,0.0004476092081354446,0.48825562751181684,-0.5034401951396178,0.5276630827340896
136,136,2013-03-03,32.728571428571435,1589.2400000000002,0.0004984590109124114,0.49480457280886264,-0.5031892437735017,0.5571886505788242
137,137,2013-03-10,42.357142857142854,1574.5399999999993,0.0006455524318208899,0.4794994065343682,-0.5024633157873979,0.4881861311324679
138,138,2013-03-17,46.88571428571429,1588.14,0.0007147343523371924,0.49365928825770994,-0.5021218926841413,0.5520251967427019
139,139,2013-03-24,64.52857142857142,1608.6799999999996,0.0009842601310048051,0.5150448743310493,-0.5007917427392774,0.648440962009915
140,140,2013-03-31,86.12857142857142,1600.35,0.0013142382503128463,0.5063719467755033,-0.4991632514707476,0.6093395343236504
141,141,2013-04-07,133.7571428571429,1571.02,0.0020418487329669534,0.47583449597068067,-0.49557238514185986,0.4716630788568822
142,142,2013-04-14,143.91428571428568,1556.36,0.0021970170152606147,0.4605709764071381,-0.4948066065096345,0.40284832136820714
143,143,2013-04-21,102.45714285714287,1383.38,0.001563685995265949,0.2804697748995274,-0.49793218961894237,-0.409128264606617
144,144,2013-04-28,138.0142857142857,1433.6799999999996,0.002106884103042215,0.3328405139204127,-0.49525142588390886,-0.17301760282760614
145,145,2013-05-05,118.98571428571428,1463.5800000000004,0.0018161890931756072,0.363971430356288,-0.49668604914428033,-0.032665539463934634
146,146,2013-05-12,113.71428571428572,1459.3200000000004,0.0017356587188206687,0.35953605564000624,-0.4970834785610049,-0.05266218795655082
147,147,2013-05-19,118.71428571428572,1401.5399999999993,0.0018120425427345672,0.29937738167128175,-0.49670651298958596,-0.32388433582119586
148,148,2013-05-26,127.65714285714287,1381.7,0.001948660467791997,0.27872061303958523,-0.4960322831389909,-0.4170142668290575
149,149,2013-06-02,128.64285714285714,1394.09,0.0019637189930778796,0.2916206817566582,-0.4959579670691969,-0.3588550004385616
150,150,2013-06-09,114.61428571428571,1401.18,0.0017494078071251704,0.29900256127272357,-0.4970156247581494,-0.3255741934402865
151,151,2013-06-16,103.95714285714286,1383.98,0.0015866011424401183,0.28109447556379236,-0.49781909994751666,-0.40631183524146025
152,152,2013-06-23,107.77142857142857,1340.1,0.0016448710881115782,0.23540803365054233,-0.49753152906874853,-0.6122867028132918
153,153,2013-06-30,99.75714285714285,1243.2800000000002,0.0015224387303524438,0.13460216979364076,-0.49813575102750857,-1.0667645213708263
154,154,2013-07-07,78.87142857142855,1242.31,0.001203372585889245,0.13359223705307868,-0.4997103900715499,-1.0713177488444983
155,155,2013-07-14,88.05714285714285,1257.22,0.0013437005823939213,0.149116048560065,-0.4990178504646288,-1.001329479120341
156,156,2013-07-21,94.05714285714285,1286.0800000000004,0.0014353611710905994,0.17916415051121376,-0.4985654917789261,-0.8658592266562775
157,157,2013-07-28,95.48571428571428,1328.38,0.0014571851207802848,0.2232055473418988,-0.4984577873299493,-0.667300956412695
158,158,2013-08-04,104.88571428571429,1317.28,0.0016007867097384137,0.2116485850529954,-0.49774909205568174,-0.7194048996681042
159,159,2013-08-11,104.74285714285713,1299.1,0.001598604314769445,0.19272015492576464,-0.4977598625005794,-0.8047427094323681
160,160,2013-08-18,110.6,1344.64,0.0016880825084971548,0.24013493534348135,-0.4973182742597743,-0.5909757206169346
161,161,2013-08-25,120.74285714285715,1375.36,0.0018430325512939203,0.27211960935385116,-0.4965535726720388,-0.4467745371208861
162,162,2013-09-01,133.5,1408.3200000000004,0.0020379204220228094,0.30643649917747784,-0.4955917719426757,-0.29205868399491414
163,163,2013-09-08,132.55714285714285,1391.0800000000004,0.002023516615227617,0.2884867667575957,-0.49566285687900036,-0.3729840877537648
164,164,2013-09-15,137.55714285714285,1350.7199999999998,0.0020999004391415157,0.24646523540803345,-0.49528589130758144,-0.5624359030500096
165,165,2013-09-22,136.6,1327.42,0.0020852783928494265,0.22220602627907468,-0.4953580532883959,-0.6718072433969468
166,166,2013-09-29,137.94285714285715,1328.16,0.002105792905557731,0.22297649043166823,-0.4952568111063577,-0.6683336471799195
167,167,2013-10-06,135.35714285714286,1312.04,0.0020662915566194004,0.20619286591841404,-0.4954517561590058,-0.7440017161238106
168,168,2013-10-13,140.3857142857143,1304.1,0.002143111859527093,0.19792599379463996,-0.49507263649860733,-0.7812724647227247
169,169,2013-10-20,165.34285714285716,1293.7,0.002524376260605894,0.1870978489473794,-0.49319103977498197,-0.8300905737187824
170,170,2013-10-27,203.45714285714286,1338.94,0.0031066392383266965,0.23420027903296342,-0.49031748507628,-0.6177317995859284
171,171,2013-11-03,213.02857142857144,1336.58,0.003252859701247588,0.23174312308685413,-0.48959586526813514,-0.6288097550888807
172,172,2013-11-10,303.1857142857143,1306.64,0.0046301691661636245,0.20057055994002884,-0.48279863749320695,-0.7693495804102249
173,173,2013-11-17,433.6428571428572,1278.78,0.006623132251825683,0.17156362576265535,-0.4729630672126422,-0.9001257839323589
174,174,2013-11-24,751.9285714285713,1258.2,0.011485508242687556,0.15013639297836456,-0.44896651598060283,-0.9967293111572509
175,175,2013-12-01,1056.9,1242.94,0.01614448502244157,0.1342481727505571,-0.42597377021302757,-1.0683604980110828
176,176,2013-12-08,991.6285714285713,1231.14,0.015147348761119844,0.12196239302001134,-0.4308947864867793,-1.123750275525841
177,177,2013-12-15,934.0285714285714,1243.58,0.014267407109631737,0.13491452012577299,-0.4352374298695254,-1.065356306688249
178,178,2013-12-22,668.2714285714285,1222.58,0.010207497748859588,0.1130499968764966,-0.45527368851268646,-1.1639313344687516
179,179,2013-12-29,753.6142857142858,1208.425,0.011511260503321387,0.09831226703871057,-0.4488394247308102,-1.230375597241752
180,180,2014-01-05,872.4571428571428,1214.7599999999998,0.013326794878006303,0.10490806488557541,-0.4398794916204271,-1.2006387971946346
181,181,2014-01-12,953.0428571428572,1233.7,0.014557883880001449,0.12462778252087546,-0.4338038836536437,-1.1117335102345038
182,182,2014-01-19,921.6571428571428,1245.18,0.014078411705319063,0.13658038856381324,-0.43617015039766477,-1.0578458283811625
183,183,2014-01-26,956.842857142857,1252.7,0.014615935586176009,0.1444099702226017,-0.43351738981936533,-1.0225465803378588
184,184,2014-02-02,939.4,1251.8200000000004,0.014349465160464954,0.14349374258168002,-0.43483246114137253,-1.0266773434067544
185,185,2014-02-09,799.4000000000003,1258.06,0.012210718090875804,0.14999062949003597,-0.4453874971411025,-0.9973864780091215
186,186,2014-02-16,463.24285714285713,1295.92,0.00707532448939596,0.1894092414051601,-0.4707314310298421,-0.8196697850677006
187,187,2014-02-23,231.0142857142857,1322.9599999999996,0.003527623227840725,0.21756241800803738,-0.48823986625551674,-0.692742701677951
188,188,2014-03-02,453.61428571428576,1332.5,0.006928231068487482,0.22749515856985195,-0.471457359015946,-0.6479614747719494
189,189,2014-03-09,640.5,1343.58,0.009783240166892108,0.2390312975032796,-0.4573674630007961,-0.5959514124953799
190,190,2014-03-16,617.6,1361.88,0.009433402253366453,0.2580846677633635,-0.4590939653178948,-0.5100503168580839
191,191,2014-03-23,575.9142857142857,1347.96,0.008796579401421437,0.2435916123524145,-0.46223678113903893,-0.5753914781297317
192,192,2014-03-30,508.58571428571435,1302.9,0.0077680166525465714,0.19667659246611008,-0.4673128918193173,-0.7869053234530382
193,193,2014-04-06,446.5142857142857,1288.2199999999998,0.006819766038529746,0.1813922495470918,-0.47199265012736086,-0.8558139619205528
194,194,2014-04-13,438.74285714285713,1310.1999999999996,0.006701043752217859,0.20427711721466754,-0.47257856232979484,-0.7526387661769611
195,195,2014-04-20,504.8285714285715,1305.925,0.007710619664862699,0.1998261249817795,-0.4675961545201264,-0.7727058254037046
196,196,2014-04-27,476.61428571428564,1288.8,0.0072795966584914135,0.1819961268558815,-0.4697233173874189,-0.8530914135342335
197,197,2014-05-04,446.0,1295.2400000000002,0.00681190941664146,0.1887012473189932,-0.47203142372899254,-0.8228617383482113
198,198,2014-05-11,440.18571428571437,1296.12,0.0067230859414044416,0.18961747495991493,-0.47246978083632823,-0.8187309752793157
199,199,2014-05-18,445.61428571428564,1296.54,0.006806016950225244,0.19005476542490052,-0.47206050393021626,-0.8167594747237054
200,200,2014-05-25,505.95714285714286,1292.4,0.0077278605851175495,0.18574433084147188,-0.4675110680054347,-0.8361928373432895
201,201,2014-06-01,596.7571428571428,1263.8200000000004,0.009114990827393943,0.1559877558669808,-0.4606653732284669,-0.9703487561036102
202,202,2014-06-08,653.8714285714286,1247.42,0.009987512335987563,0.1389126043770694,-0.4563593493583729,-1.0473311587512422
203,203,2014-06-15,616.5714285714286,1264.2800000000002,0.00941768900958988,0.15646669304291713,-0.4591715125211582,-0.9681894935903238
204,204,2014-06-22,600.2857142857143,1289.7800000000002,0.009168895983127468,0.18301647127418133,-0.46039934323949405,-0.8484912455711422
205,205,2014-06-29,590.3,1319.2400000000002,0.009016346574796566,0.2136892738895948,-0.4611521973378422,-0.7102045637419228
206,206,2014-07-06,633.6714285714286,1447.4,0.009678921687375412,0.34712533577660715,-0.4578822902669054,-0.10861525134434223
207,207,2014-07-13,623.8714285714286,1482.14,0.009529209392504172,0.38329550423755293,-0.45862114278688654,0.05445600889826057
208,208,2014-07-20,622.1142857142858,1460.74,0.009502365934385859,0.36101451387876643,-0.458753619259128,-0.04599663845901387
209,209,2014-07-27,608.9571428571427,1459.8200000000004,0.009301367357743855,0.36005663952689376,-0.4597455772342047,-0.05031516348558647
210,210,2014-08-03,586.742857142857,1453.48,0.008962004940069249,0.35345563584115947,-0.4614203814157945,-0.08007543377741613
211,211,2014-08-10,591.6571428571431,1455.36,0.009037079327001771,0.35541303125585644,-0.46104987811131415,-0.07125062176659075
212,212,2014-08-17,527.7857142857143,1465.44,0.008061330536375942,0.3659080024155093,-0.4658653440250686,-0.023934608431948803
213,213,2014-08-24,500.78571428571416,1442.8200000000004,0.007648857887240887,0.34235678737271763,-0.46790095811073085,-0.13011399549837424
214,214,2014-08-31,505.9857142857143,1413.5666666666666,0.007728297064111344,0.3118991594305506,-0.4675089139164551,-0.267430573879597
215,215,2014-09-07,483.0,1395.48,0.007377149713604308,0.29306790496220564,-0.4692418785004924,-0.3523302724092803
216,216,2014-09-14,477.4857142857142,1400.0000000000002,0.007292909267802122,0.29777398329966914,-0.469657617673543,-0.3311131711917616
217,217,2014-09-21,434.38571428571424,1386.5600000000004,0.006634480705664318,0.28378068842013243,-0.4729070608991742,-0.3942011889712824
218,218,2014-09-28,408.5285714285714,1374.62,0.006239467216281015,0.2713491452012576,-0.474856511425655,-0.45024813333791336
219,219,2014-10-05,363.5142857142858,1365.12,0.005551794561559034,0.26145805135039446,-0.47825027861291514,-0.494841598286236
220,220,2014-10-12,353.0,1356.2,0.005391170291842949,0.25217083480832103,-0.4790429833573846,-0.5367125148482391
221,221,2014-10-19,388.0142857142858,1333.1799999999996,0.005926075298737136,0.22820315265601857,-0.47640314731296235,-0.6447695214914397
222,222,2014-10-26,364.0,1361.9599999999996,0.005559214704453526,0.25816796118526497,-0.478213659100263,-0.5096747929427321
223,223,2014-11-02,338.14285714285717,1334.6,0.005164201215070223,0.22968161089477948,-0.48016310962674374,-0.6381039719938996
224,224,2014-11-09,340.75714285714287,1281.64,0.0052041390430023465,0.17454136559565217,-0.4799660104851161,-0.8867008039584422
225,225,2014-11-16,392.88571428571424,1286.7599999999998,0.0060004949671789605,0.17987214459738016,-0.47603587514195134,-0.8626672733757689
226,226,2014-11-23,367.47142857142853,1311.48,0.0056122469021994605,0.20560981196510006,-0.4779519372892493,-0.7466303835312904
227,227,2014-11-30,374.04285714285714,1284.78,0.005712637070772013,0.17781063240530576,-0.4774564968239558,-0.8719614902807867
228,228,2014-12-07,376.6285714285714,1321.6,0.005752138419710342,0.21614642983570362,-0.47726155177130775,-0.6991266082389725
229,229,2014-12-14,351.97142857142853,1337.18,0.005375457048066375,0.2323678237511193,-0.47912053056064796,-0.6259933257237228
230,230,2014-12-21,325.2428571428572,1306.3,0.004967130949372366,0.20021656289694517,-0.48113568080100455,-0.7709455570504813
231,231,2014-12-28,324.1857142857143,1269.94,0.004950981226601998,0.16235970264248387,-0.48121538209324743,-0.9416211765790081
232,232,2015-01-04,303.64285714285717,1292.94,0.004637152830064324,0.18630656143931038,-0.48276417206953437,-0.8336580509146482
233,233,2015-01-11,279.6142857142857,1355.66,0.004270073996283817,0.25160860421048253,-0.48457576090132476,-0.5392473012768805
234,234,2015-01-18,211.77142857142852,1364.8166666666666,0.003233654625520664,0.2611422304590161,-0.4896906451832348,-0.49626545979862074
235,235,2015-01-25,231.41428571428574,1388.9,0.0035337339337538375,0.28621702101076574,-0.4882097090098032,-0.3832171144471707
236,236,2015-02-01,239.75714285714284,1394.1799999999996,0.003661185799941599,0.2917143868562976,-0.4875807150277785,-0.3584325360337895
237,237,2015-02-08,226.2571428571429,1362.12,0.003454949475374074,0.2583345480290693,-0.4885985220706096,-0.508923745112022
238,238,2015-02-15,229.8142857142857,1310.5,0.0035092911101013893,0.2045894675468005,-0.4883303379926573,-0.7512305514943806
239,239,2015-02-22,240.1,1290.64,0.0036664235478671234,0.18391187555962776,-0.48755486596002406,-0.8444543634810839
240,240,2015-03-01,245.28571428571428,1300.66,0.0037456444852406808,0.19434437665285392,-0.48716389881023814,-0.7974199930829585
241,241,2015-03-08,274.7857142857143,1294.4599999999996,0.004196309046332681,0.187889136455448,-0.48493980193886643,-0.8265230965229188
242,242,2015-03-15,289.22857142857146,1254.48,0.0044169491776954,0.1462632488599213,-0.4838509099597106,-1.0141911732212259
243,243,2015-03-22,268.95714285714286,1255.1,0.004107267331598765,0.14690877287966173,-0.485379236090692,-1.0112808628772305
244,244,2015-03-29,249.7,1286.98,0.0038130804897818084,0.18010120150761094,-0.4868310920628997,-0.8616345826085433
245,245,2015-04-05,250.95714285714283,1283.84,0.003832285565508731,0.17683193469795713,-0.4867363121478001,-0.8763738962861999
246,246,2015-04-12,243.2857142857143,1293.96,0.003715090955675122,0.18736855256856094,-0.4873146850388057,-0.828870120993881
247,247,2015-04-19,223.0857142857143,1284.7,0.003406500307062972,0.17772733898340382,-0.4888376259473382,-0.8723370141961406
248,248,2015-04-26,229.0,1277.1,0.0034968514587782693,0.16981446390271318,-0.48839172952857407,-0.9080117861547994
249,249,2015-05-03,232.07142857142856,1285.94,0.003543772950611092,0.17901838702288492,-0.4881601649632739,-0.866516393508149
250,250,2015-05-10,238.22857142857143,1282.98,0.003637834173773636,0.17593653041251067,-0.4876959587881837,-0.8804107783762581
251,251,2015-05-17,238.05714285714282,1302.88,0.003635215299810873,0.1966557691106346,-0.4877088833220609,-0.7869992044318768
252,252,2015-05-24,236.32857142857142,1288.0500000000004,0.0036088083206863544,0.18121525102555067,-0.4878392057053229,-0.8566119502406778
253,253,2015-05-31,235.68571428571425,1265.88,0.003598987543325996,0.15813256148095714,-0.4878876727073625,-0.9606790152832383
254,254,2015-06-07,224.58571428571426,1276.9599999999996,0.0034294154542371413,0.16966870041438434,-0.48872453627591256,-0.9086689530066709
255,255,2015-06-14,230.52857142857144,1280.2,0.0035202030849462323,0.17304208400141602,-0.4882764857681689,-0.8934602344348198
256,256,2015-06-21,245.1142857142857,1288.4599999999996,0.0037430256112779186,0.1816421298127976,-0.48717682334411533,-0.8546873901744909
257,257,2015-06-28,245.2857142857143,1274.2599999999998,0.003745644485240681,0.16685754742519185,-0.48716389881023814,-0.9213428851498775
258,258,2015-07-05,259.9428571428572,1249.3200000000004,0.003969558209056852,0.14089082314724236,-0.4860588511637358,-1.038412465761576
259,259,2015-07-12,279.85714285714283,1258.08,0.004273784067731064,0.15001145284551146,-0.48455745114499865,-0.997292597030283
260,260,2015-07-19,280.6,1245.52,0.0042851325215697,0.13693438560689666,-0.4845014448315307,-1.0562498517409071
261,261,2015-07-26,281.95714285714286,1192.54,0.004305865273774901,0.08177331695229365,-0.48439912560500276,-1.3049405646842893
262,262,2015-08-02,286.8142857142857,1187.0400000000004,0.00438006670271983,0.07604689419653127,-0.4840329304784815,-1.3307578338648949
263,263,2015-08-09,275.14285714285717,1180.0,0.0042017650337551025,0.06871707306915437,-0.4849128758266223,-1.363803938416075
264,264,2015-08-16,263.7142857142857,1202.7800000000002,0.004027173436237621,0.09243487495575058,-0.48577451141843697,-1.2568735035189385
265,265,2015-08-23,236.17142857142858,1224.06,0.003606407686220489,0.11459092518168372,-0.48785105319471034,-1.156984142034697
266,266,2015-08-30,224.0142857142857,1219.44,0.0034206858743612675,0.10978073006684302,-0.4887676180555033,-1.178670648146407
267,267,2015-09-06,230.77142857142857,1196.0833333333333,0.003523913156393479,0.08546252143070326,-0.48825817601184285,-1.2883079846000556
268,268,2015-09-13,237.7142857142857,1174.06,0.003629977551885349,0.06253253649293042,-0.4877347323898154,-1.3916865891311316
269,269,2015-09-20,230.72857142857143,1194.3,0.0035232584379027883,0.08360577223413776,-0.4882614071453121,-1.2966790385464948
270,270,2015-09-27,231.68571428571425,1212.2000000000005,0.003537880484194877,0.102242675384712,-0.48818924516449763,-1.2126555624859687
271,271,2015-10-04,237.45714285714283,1194.6799999999996,0.0036260492409412055,0.08400141598817193,-0.4877541191906312,-1.2948952999485634
272,272,2015-10-11,244.11428571428573,1212.22,0.0037277488464951395,0.10226349874018702,-0.48725221645839917,-1.2125616815071323
273,273,2015-10-18,256.4428571428572,1240.88,0.003916089532317123,0.1321033671365805,-0.48632272706372903,-1.0780302388314555
274,274,2015-10-25,274.64285714285717,1230.7599999999998,0.004194126651363713,0.12156674926597646,-0.48495057238376416,-1.1255340141237755
275,275,2015-11-01,308.3142857142857,1212.96,0.004708517145549594,0.10303396289278058,-0.48241197852138007,-1.2090880852901051
276,276,2015-11-08,380.84285714285716,1165.64,0.005816519071294915,0.053765903837744516,-0.4769438236468261,-1.4312104812221704
277,277,2015-11-15,334.0857142857143,1145.3200000000004,0.005102221197951516,0.032609374674635476,-0.480468990261838,-1.5265935557221602
278,278,2015-11-22,327.65714285714284,1133.14,0.0050040134243479325,0.01992795119005487,-0.4809536602822337,-1.5837670718348529
279,279,2015-11-29,343.9714285714286,1114.0,0.005253242929804138,0.0,-0.4797236754749182,-1.6736111685833686
280,280,2015-12-06,371.7,1124.4199999999996,0.005676845793280929,0.01084896820273579,-0.47763313212027786,-1.6246991786084735
281,281,2015-12-13,421.9,1133.46,0.006443739385376469,0.020261124877662823,-0.4738483977832318,-1.582264976173436
282,282,2015-12-20,454.3285714285714,1121.5800000000004,0.006939143043332325,0.007892051725215399,-0.4714035067914576,-1.6380302776035474
283,283,2015-12-27,437.4,1134.65,0.006680529239509554,0.021500114528455207,-0.4726798045118331,-1.5766790579325407
284,284,2016-01-03,429.88571428571424,1124.625,0.006565735264141809,0.011062407596360077,-0.4732463299134513,-1.6237368985753762
285,285,2016-01-10,442.81428571428563,1148.04,0.00676324200883346,0.035441351019303215,-0.47227160465021084,-1.513825742600116
286,286,2016-01-17,413.4,1128.9666666666667,0.006313886884722841,0.015582811014166854,-0.474489239254644,-1.6033569027525023
287,287,2016-01-24,394.57142857142856,1132.44,0.00602624722781279,0.019199133748412277,-0.4759087838921587,-1.5870529060942034
288,288,2016-01-31,383.6,1161.84,0.0058586392941960075,0.049809466297399074,-0.4767359540603007,-1.4490478672015004
289,289,2016-02-07,377.97142857142853,1184.52,0.005772652932418647,0.07342315140661763,-0.4771603095892695,-1.3425868371985574
290,290,2016-02-14,384.1285714285714,1249.1,0.00586671415558119,0.14066176623701132,-0.47669610341417934,-1.0394451565288028
291,291,2016-02-21,420.57142857142856,1245.2599999999998,0.006423443112165062,0.13666368198571494,-0.47394856292078025,-1.0574703044658096
292,292,2016-02-28,427.85714285714295,1264.2000000000005,0.006534745255582458,0.15638339962101544,-0.4733992702309983,-0.9685650175056767
293,293,2016-03-06,418.5285714285714,1288.7599999999998,0.0063922348641088115,0.1819544801449303,-0.47410258028281715,-0.8532791754919115
294,294,2016-03-13,413.9,1310.28,0.0063215252671142315,0.20436041063656993,-0.47445154269750206,-0.752263242261605
295,295,2016-03-20,413.1285714285714,1294.3200000000004,0.0063097403342818005,0.18774337296712032,-0.47450970309994955,-0.827180263374785
296,296,2016-03-27,416.54285714285714,1270.9199999999996,0.0063618995740401495,0.16338004706078296,-0.4742522894668949,-0.9370210086159201
297,297,2016-04-03,416.9285714285714,1276.7400000000002,0.006367792040456364,0.1694396435041545,-0.47422320926567113,-0.9097016437738922
298,298,2016-04-10,419.8285714285715,1275.52,0.0064120946583264265,0.16816941882014866,-0.4740045692342482,-0.9154283834830463
299,299,2016-04-17,425.5142857142857,1290.9,0.006498953978091373,0.1841825791808093,-0.4735759055273204,-0.8432339107561826
300,300,2016-04-24,443.7285714285714,1292.34,0.006777209336634859,0.1856818607750452,-0.4722026738028657,-0.8364744802798061
301,301,2016-05-01,454.1285714285714,1307.9,0.0069360876903757675,0.2018824313349854,-0.4714185854143143,-0.7634350787433948
302,302,2016-05-08,452.0571428571429,1334.4599999999996,0.006904442963325725,0.22953584740645064,-0.47157475686533074,-0.6387611388457711
303,303,2016-05-15,455.2285714285714,1316.8,0.006952892131636826,0.21114882452158334,-0.47133565298860214,-0.7216580431602301
304,304,2016-05-22,447.2,1316.56,0.006830241534380795,0.21089894425587732,-0.471940951991852,-0.722784614906293
305,305,2016-05-29,472.44285714285706,1281.2400000000002,0.007215870725397532,0.1741248984861423,-0.4700378143784313,-0.888578423535213
306,306,2016-06-05,549.9428571428572,1261.63,0.008399819996062959,0.1537075984424131,-0.46419484802143784,-0.9806287232864352
307,307,2016-06-12,592.9142857142857,1312.86,0.009056284402728692,0.20704662349290953,-0.46095509819621455,-0.7401525959914294
308,308,2016-06-19,727.9857142857143,1339.28,0.011119738845888433,0.23455427607604687,-0.4507716425454546,-0.6161358229456729
309,309,2016-06-26,651.2285714285715,1337.0800000000004,0.009947138029061645,0.23226370697374213,-0.45655860258898007,-0.6264627306179141
310,310,2016-07-03,661.4857142857143,1374.5333333333335,0.010103833987833584,0.2712589106608641,-0.45578528464532636,-0.4506549509128791
311,311,2016-07-10,658.3714285714286,1403.24,0.010056257777510071,0.30114736688670013,-0.4560200803440959,-0.3159044526199137
312,312,2016-07-17,662.4285714285714,1394.44,0.010118237794628776,0.2919850904774796,-0.4557141997090017,-0.35721208330888593
313,313,2016-07-24,662.3000000000002,1387.02,0.010116273639156707,0.28425962559606854,-0.4557238931094096,-0.3920419264579972
314,314,2016-07-31,649.8571428571429,1394.08,0.009926187037359547,0.29161027007892043,-0.4566619988599978,-0.3589019409279809
315,315,2016-08-07,573.5714285714286,1421.06,0.008760788123930352,0.3197009766153717,-0.462413416435361,-0.23225650047474466
316,316,2016-08-14,584.8571428571427,1410.46,0.008933197326478863,0.3086645982133561,-0.461562551288444,-0.2820134192591884
317,317,2016-08-21,575.8285714285714,1413.4599999999996,0.008795269964440055,0.31178810153468084,-0.46224324340597756,-0.2679312724334044
318,318,2016-08-28,579.0714285714286,1394.12,0.00884481033023564,0.2916519167898714,-0.46199875430680015,-0.3587141789703039
319,319,2016-09-04,583.0,1368.4916666666668,0.008904826191882275,0.26496852202763965,-0.4617025670721138,-0.479014829937032
320,320,2016-09-11,615.4714285714286,1388.5199999999998,0.009400884568328823,0.2858213772567309,-0.4592544449468703,-0.38500085304510523
321,321,2016-09-18,608.5428571428573,1378.1,0.009295038412333851,0.27497240905399484,-0.45977681152440797,-0.43391284302000144
322,322,2016-09-25,602.6857142857143,1386.52,0.00920556021860614,0.28373904170918096,-0.460218399765213,-0.39438895092896153
323,323,2016-10-02,607.6571428571431,1381.8399999999995,0.009281507563526246,0.27886637652791313,-0.4598435882827736,-0.4163570999771902
324,324,2016-10-09,613.2714285714285,1323.86,0.009367275685806704,0.21849946900443526,-0.4594203097982947,-0.6885180576302138
325,325,2016-10-16,634.9142857142857,1310.7600000000002,0.009697908523605438,0.20486017116798222,-0.4577885873962955,-0.7500100987694781
326,326,2016-10-23,638.4428571428572,1320.4199999999996,0.009751813679338962,0.21491785186264875,-0.4575225574073228,-0.7046655859904498
327,327,2016-10-30,679.5714285714286,1328.1,0.010380125190904999,0.22291402036524155,-0.45442174632127963,-0.6686152901164361
328,328,2016-11-06,708.2857142857142,1355.84,0.010818786579667672,0.2517960144097619,-0.4522568868968452,-0.5384023724673341
329,329,2016-11-13,710.5142857142856,1324.32,0.010852831941183581,0.21897840618037184,-0.4520888679564414,-0.6863587951169264
330,330,2016-11-20,730.9857142857143,1285.6600000000005,0.011165569140236772,0.1787268600462284,-0.45054546320260325,-0.8678307272118868
331,331,2016-11-27,737.9714285714284,1248.55,0.01127228825421933,0.14008912396143508,-0.4500187884471066,-1.0420268834468633
332,332,2016-12-04,751.7857142857142,1245.72,0.011483325847718589,0.13714261916165174,-0.4489772864255005,-1.0553110419525211
333,333,2016-12-11,765.5714285714287,1241.94,0.011693926962224054,0.133207004976782,-0.44793793849287405,-1.0730545469530115
334,334,2016-12-18,781.0142857142856,1229.2399999999998,0.011929843858369548,0.11998417424983839,-0.4467736533994344,-1.1326689685155071
335,335,2016-12-25,853.9571428571429,1204.1666666666667,0.01304417472952488,0.09387862760205187,-0.44127426423467714,-1.2503644223194645
336,336,2017-01-01,955.0428571428572,1211.23,0.014588437409567008,0.10123274264414969,-0.4336530974250761,-1.2172087899596418
337,337,2017-01-08,978.7142857142856,1232.13,0.01495006025592509,0.12299314911604867,-0.43186843470552994,-1.1191031670733318
338,338,2017-01-15,837.9,1264.0083333333332,0.012798873535012816,0.15618384246437458,-0.4424848622411768,-0.9694647102195493
339,339,2017-01-22,889.3857142857142,1274.13,0.013585408681829073,0.16672219561460144,-0.4386031939000516,-0.9219531115123266
340,340,2017-01-29,910.9,1283.74,0.013914077364155734,0.17672781792057973,-0.4369811648984604,-0.8768433011803923
341,341,2017-02-05,990.5,1292.1,0.015130107840864996,0.18543198050933918,-0.430979873001471,-0.837601052025869
342,342,2017-02-12,1015.8857142857145,1315.58,0.015517919426850706,0.20987859983757776,-0.42906596494315263,-0.7273847828693832
343,343,2017-02-19,1027.7714285714285,1300.5666666666666,0.015699494688268884,0.1942472009939681,-0.4281698639276654,-0.7978581043175392
344,344,2017-02-26,1140.8857142857146,1308.16,0.017427515024698168,0.2021531349561669,-0.4196418256576793,-0.7622146260184933
345,345,2017-03-05,1239.3,1325.44,0.018930966918820583,0.22014451408700003,-0.41222206616766505,-0.6811014603019657
346,346,2017-03-12,1194.9571428571428,1293.3200000000004,0.01825355152045275,0.18670220519334527,-0.4155652122639061,-0.8318743123167137
347,347,2017-03-19,1139.0428571428572,1296.3,0.017399362129598472,0.1898048851591945,-0.41978076439685946,-0.8178860464697683
348,348,2017-03-26,1017.7,1327.3200000000004,0.015545635842956604,0.2221019095016975,-0.4289291802929521,-0.6722766482911382
349,349,2017-04-02,1061.7,1333.38,0.016217813493398913,0.22841138621077411,-0.4256118832644655,-0.6438307117030516
350,350,2017-04-09,1169.0857142857146,1333.24,0.01785831979157256,0.2282656227224455,-0.41751573983487655,-0.6444878785549221
351,351,2017-04-16,1192.457142857143,1340.0700000000004,0.018215359608495806,0.2353767986173296,-0.41575369504961557,-0.6124275242815473
352,352,2017-04-23,1227.5714285714287,1365.98,0.01875179229186827,0.26235345563584117,-0.4131063196937649,-0.49080471619617666
353,353,2017-04-30,1307.114285714286,1347.3200000000004,0.019966949810589947,0.24292526497719882,-0.4071093359747346,-0.5783956694525644
354,354,2017-05-07,1495.9428571428568,1322.3,0.022851639480572533,0.21687524727734622,-0.39287296190897625,-0.6958407739796223
355,355,2017-05-14,1736.6142857142859,1301.48,0.026528320284793818,0.1951981342273494,-0.37472799338984847,-0.7935708729505774
356,356,2017-05-21,1880.9857142857145,1323.5400000000004,0.02873384864043341,0.21816629531682777,-0.3638433817762493,-0.6900201532916285
357,357,2017-05-28,2233.6857142857143,1324.3533333333335,0.0341219635793198,0.2190131117728312,-0.337252230368358,-0.6862023268188612
358,358,2017-06-04,2392.6857142857143,1330.118,0.03655096917978177,0.22501509693271968,-0.325264725197236,-0.6591426993516238
359,359,2017-06-11,2821.557142857143,1357.4,0.04310273711612218,0.25342023613685116,-0.2929307725698997,-0.5310796561179245
360,360,2017-06-18,2568.9857142857145,1337.24,0.03924426281098583,0.23243029381754576,-0.3119729191490045,-0.6257116827872073
361,361,2017-06-25,2659.1,1319.84,0.04062091755741117,0.2143139745538595,-0.30517892250754564,-0.707388134376767
362,362,2017-07-02,2515.3857142857146,1317.72,0.03842542821862884,0.21210669887345648,-0.3160139900746154,-0.7173395181336554
363,363,2017-07-09,2574.5857142857144,1278.2900000000004,0.039329812693769395,0.17105345355350604,-0.3115507177090153,-0.9024258679139018
364,364,2017-07-16,2222.457142857143,1290.44,0.03395042733475888,0.1837036420048727,-0.33809878733731596,-0.8453931732694699
365,365,2017-07-23,2567.2000000000007,1315.12,0.039216982873873735,0.20939966266164117,-0.31210754971022553,-0.7295440453826706
366,366,2017-07-30,2700.557142857143,1329.4600000000005,0.04125424857740584,0.22433000853757626,-0.3020533393982378,-0.6622313835554103
367,367,2017-08-06,2933.442857142857,1341.16,0.04481198885581833,0.2365116714907441,-0.2844953601260338,-0.6073110109348465
368,368,2017-08-13,3599.2,1345.72,0.05498260412970235,0.24125939653915834,-0.23430185576935839,-0.585906147759652
369,369,2017-08-20,4211.199999999999,1355.02,0.06433198417676349,0.2509422568352664,-0.18816126982768142,-0.5422514925997153
370,370,2017-08-27,4230.971428571428,1361.62,0.06463402764046874,0.2578139641421818,-0.18667064025384192,-0.5112707695829863
371,371,2017-09-03,4630.614285714285,1379.3366666666668,0.07073927756615819,0.2762599865342303,-0.15654032065257173,-0.4281078691618152
372,372,2017-09-10,4405.4857142857145,1398.496,0.0673000413345607,0.2962080669679113,-0.17351346476683144,-0.338173020800423
373,373,2017-09-17,3798.9285714285716,1399.38,0.05803381053581725,0.2971284592799285,-0.21924369675790675,-0.33402348153575795
374,374,2017-09-24,3794.871428571428,1377.4599999999996,0.05797183051869854,0.27430606167877847,-0.21954957739300102,-0.43691703434283735
375,375,2017-10-01,4167.114285714286,1367.44,0.06365849708933982,0.2638735605855528,-0.1914850291231065,-0.4839514047409606
376,376,2017-10-08,4382.142857142857,1349.64,0.06694343799663124,0.24534077421235667,-0.175273355463113,-0.5675054759072912
377,377,2017-10-15,5278.257142857142,1369.4,0.080633165157977,0.26591424942215197,-0.10771250870892261,-0.47475106881478024
378,378,2017-10-22,5802.1285714285705,1364.7199999999998,0.08863622574868148,0.26104158424088436,-0.06821621022462665,-0.4967192178630079
379,379,2017-10-29,5811.0,1352.44,0.08877175247625445,0.2482560439789268,-0.06754736559648042,-0.554362138869891
380,380,2017-11-05,6891.928571428572,1351.9,0.1052848440089548,0.2476938133810883,0.013947205721843466,-0.5568969252985323
381,381,2017-11-12,6774.257142857144,1359.44,0.10348720527301543,0.2555442183953523,0.005075590259621437,-0.5215037962763902
382,382,2017-11-19,7397.142857142857,1364.14,0.11300288381671199,0.2604377069320951,0.052036884102501915,-0.49944176624932507
383,383,2017-11-26,8409.499999999998,1352.4119999999998,0.12846842576430742,0.24822689128126085,0.12836164186993748,-0.5544935722402662
384,384,2017-12-03,10349.185714285712,1368.84,0.15810054817396826,0.26533119546883777,0.27460058860170744,-0.4773797362222611
385,385,2017-12-10,14263.071428571431,1342.08,0.21789205961779284,0.237469545842617,0.5696806215525282,-0.6029924859082728
386,386,2017-12-17,17512.442857142858,1330.4,0.26753194262396335,0.22530870624492438,0.8146608530172829,-0.6578189775499992
387,387,2017-12-24,15777.371428571429,1350.38,0.24102566452835605,0.24611123836495022,0.6838484145124654,-0.5640318796902638
388,388,2017-12-31,14311.414285714285,1358.0,0.21863058207529174,0.2540449368011161,0.5733253401059042,-0.5282632267527677
389,389,2018-01-07,15555.857142857143,1385.68,0.23764164288947348,0.28286446077921,0.6671477626541169,-0.39833195204018124
390,390,2018-01-14,14315.314285714285,1398.583333333333,0.21869016145794457,0.2962989956201539,0.5736193732516109,-0.3377630738594964
391,391,2018-01-21,11933.028571428571,1409.16,0.18229654295542544,0.30731108010744856,0.39401143413783724,-0.2881156828836955
392,392,2018-01-28,11257.714285714286,1447.38,0.17197992545811744,0.34710451242113166,0.3430973870175068,-0.10870913232318072
393,393,2018-02-04,9601.971428571429,1439.3200000000004,0.14668553128877843,0.3387127001645049,0.21826577656437296,-0.14654316679512466
394,394,2018-02-11,7962.842857142858,1418.78,0.12164494965433045,0.3173271140911646,0.09468676885283973,-0.24295893206234195
395,395,2018-02-18,9801.042857142858,1425.5666666666668,0.1497266986780361,0.3243931727158516,0.23327439152929527,-0.21110198657645166
396,396,2018-02-25,10311.814285714283,1413.4399999999996,0.1575296336500861,0.31176727817920535,0.27178304021647337,-0.2680251534122429
397,397,2018-03-04,10823.485714285716,1420.4199999999996,0.16534631771044073,0.31903462924015535,0.3103595427065075,-0.23526069179758058
398,398,2018-03-11,9816.742857142857,1427.2,0.1499665438851257,0.3260937467463507,0.23445806342355063,-0.20343503997130202
399,399,2018-03-18,8447.514285714287,1424.78,0.12904916106555,0.32357412073381503,0.13122765725721136,-0.21479463841076982
400,400,2018-03-25,8728.414285714287,1430.34,0.1333404042930328,0.32936301355600434,0.15240558305952684,-0.18869572629364653
401,401,2018-04-01,7378.057142857142,1440.9250000000004,0.11271131584885778,0.3403837744414139,0.050597952664171324,-0.139009218243329
402,402,2018-04-08,6949.142857142857,1437.2,0.10615889319402669,0.3365054244841014,0.018260768903365768,-0.1564945505520151
403,403,2018-04-15,7540.114285714286,1446.88,0.11518702470165569,0.34658392853424413,0.06281594535610381,-0.11105615679414507
404,404,2018-04-22,8434.942857142858,1448.08,0.12885711030828076,0.347833329862774,0.13027985810621515,-0.1054232980638315
405,405,2018-04-29,9209.514285714286,1424.3200000000004,0.14069005583002808,0.3230951835578789,0.1886772103414562,-0.21695390092405503
406,406,2018-05-06,9504.48571428571,1411.5800000000004,0.14519626496195426,0.30983070611998453,0.2109160249661933,-0.2767560844442266
407,407,2018-05-13,8933.442857142858,1416.7,0.13647257755249642,0.31516148512171255,0.1678633255766825,-0.2527225538615533
408,408,2018-05-20,8368.32857142857,1396.2199999999998,0.1278394595342507,0.29383836911479894,0.12525759965042507,-0.3488566761922541
409,409,2018-05-27,7674.314285714286,1379.6833333333332,0.11723716653550471,0.2766209246958053,0.07293370129298789,-0.42648059886194806
410,410,2018-06-03,7485.2,1374.62,0.11434811207558418,0.2713491452012576,0.058675786337434165,-0.45024813333791336
411,411,2018-06-10,7486.8,1393.5,0.11437255489923663,0.29100639277013096,0.05879641532028825,-0.3616244893142992
412,412,2018-06-17,6539.985714285715,1390.54,0.09990829576340395,0.2879245361597567,-0.012586862328090073,-0.37551887418240826
413,413,2018-06-24,6477.5999999999985,1365.98,0.09895524388045536,0.26235345563584117,-0.017290315614908746,-0.49080471619617666
414,414,2018-07-01,6193.728571428571,1347.76,0.09461860683761801,0.24338337879765945,-0.038692266671096,-0.5763302879181176
415,415,2018-07-08,6625.1285714285705,1324.4,0.10120900316490916,0.219061699602274,-0.006167677169070732,-0.6859832712015713
416,416,2018-07-15,6351.7,1338.2,0.09703189919430341,0.23342981488036987,-0.026782308703237313,-0.6212053958029556
417,417,2018-07-22,7296.2,1316.86,0.11146080353163883,0.2112112945880098,0.0444264877377986,-0.7213764002237146
418,418,2018-07-29,8125.4,1311.74,0.12412829688951973,0.20588051558628157,0.10694245810191397,-0.745409930806389
419,419,2018-08-05,7501.271428571429,1303.42,0.11459363150959316,0.1972179997084731,0.05988746138842364,-0.7844644180032354
420,420,2018-08-12,6455.4,1295.0,0.09861609970227767,0.18845136705328697,-0.018964042752008716,-0.8239883100942753
421,421,2018-08-19,6350.2,1265.16,0.09700898404712925,0.15738292068383908,-0.026895398374662993,-0.9640587305214271
422,422,2018-08-26,6537.0,1273.26,0.09986268370855249,0.16581637965141702,-0.012811964626451747,-0.9260369340918051
423,423,2018-09-02,7073.185714285714,1269.4,0.10805386674558207,0.16179747204464537,0.027612746208024563,-0.9441559630076494
424,424,2018-09-09,6668.028571428572,1259.38,0.10186437637409043,0.1513649709514192,-0.0029333125662962013,-0.9911903334057748
425,425,2018-09-16,6419.814285714286,1276.94,0.09807246511550761,0.16964787705890932,-0.021646960576021702,-0.9087628339855073
426,426,2018-09-23,6524.842857142858,1278.86,0.09967696189669328,0.1716469191845573,-0.013728529487244595,-0.8997502600170049
427,427,2018-09-30,6580.228571428571,1271.18,0.10052307642616236,0.16365075068196494,-0.009552828000412697,-0.9358005558910165
428,428,2018-10-07,6585.214285714284,1275.5,0.10059924201057935,0.16814859546467317,-0.00917693947348359,-0.9155222644618848
429,429,2018-10-14,6445.328571428572,1279.0,0.0984622408569654,0.17179268267288592,-0.01972335911729534,-0.8990930931651344
430,430,2018-10-21,6619.0,1304.4,0.10111537842074042,0.1982383441267727,-0.006629729255181291,-0.7798642500401451
431,431,2018-10-28,6516.071428571428,1306.74,0.0995429628455986,0.20067467671740624,-0.014389834803962422,-0.7688801755160325
432,432,2018-11-04,6388.02857142857,1301.54,0.09758688223491209,0.19526060429377584,-0.02404338456575643,-0.7932892300140618
433,433,2018-11-11,6469.571428571428,1298.22,0.09883259328319935,0.1918039272848427,-0.017895614618158473,-0.8088734725012648
434,434,2018-11-18,5905.97142857143,1283.4399999999996,0.09022260865162474,0.17641546758844678,-0.060387173828500174,-0.8782515158629729
435,435,2018-11-25,4397.671428571429,1283.16,0.06718066432975812,0.17612394061179026,-0.17410260810273473,-0.8795658495667107
436,436,2018-12-02,4094.528571428571,1293.68,0.06254962220560692,0.18707702559190395,-0.19695749217561964,-0.8301844546976209
437,437,2018-12-09,3650.9428571428575,1311.86,0.055773067587462755,0.20600545571913448,-0.2304008006274173,-0.7448466449333581
438,438,2018-12-16,3339.142857142857,1312.74,0.051009772328192045,0.20692168336005665,-0.25390837366110186,-0.7407158818644602
439,439,2018-12-23,3816.700000000001,1322.6799999999996,0.05830530046995695,0.2172708910313804,-0.21790385341263482,-0.694057035381691
440,440,2018-12-30,3793.2285714285713,1328.17,0.0579467329765554,0.22298690210940597,-0.21967343750932436,-0.6682867066905003
441,441,2019-01-06,3823.557142857143,1338.15,0.058410055428467424,0.23337775649168116,-0.2173868720575461,-0.6214400982500519
442,442,2019-01-13,3748.9285714285716,1354.4,0.05726997229667827,0.250296732815526,-0.22301335247209605,-0.5451618029437106
443,443,2019-01-20,3607.0714285714284,1343.0416666666667,0.05510285409249251,0.23847080218506417,-0.23370840425549602,-0.5984783755091174
444,444,2019-01-27,3564.442857142857,1337.13,0.05445162743375231,0.23231576536243062,-0.23692230501296482,-0.626228028170819
445,445,2019-02-03,3454.9,1377.28,0.05277816697154725,0.2741186514794994,-0.24518108216050868,-0.4377619631523827
446,446,2019-02-10,3533.6142857142863,1376.4199999999996,0.05398066659944891,0.27322324719405244,-0.23924656702188493,-0.441798845242443
447,447,2019-02-17,3621.942857142857,1366.275,0.05533004140876214,0.2626606001291049,-0.23258720094164714,-0.48941997175830737
448,448,2019-02-24,3937.157142857143,1383.9699999999998,0.0601454959077912,0.2810840638860544,-0.208822214274908,-0.40635877573088053
449,449,2019-03-03,3818.528571428572,1378.2,0.05833323512555974,0.2750765258313725,-0.21776599171794453,-0.43344343812580793
450,450,2019-03-10,3862.3714285714286,1347.94,0.05900301214153617,0.243570788996939,-0.21446054217884541,-0.5754853591085701
451,451,2019-03-17,3916.0857142857135,1357.64,0.05982359264986832,0.2536701164025572,-0.2104108548973164,-0.5299530843718616
452,452,2019-03-24,4002.6,1363.48,0.06114525104307567,0.2597505362014035,-0.20388827346727909,-0.5025398385509984
453,453,2019-03-31,4037.6285714285714,1359.92,0.06168037428946676,0.25604397892676434,-0.20124736037836705,-0.5192506527842643
454,454,2019-04-07,4872.214285714285,1343.86,0.07443014393767777,0.23932282447993658,-0.138325344241609,-0.59463707879164
455,455,2019-04-14,5139.257142857145,1352.7800000000002,0.07850969485317066,0.24861004102201048,-0.11819215159436867,-0.5527661622296346
456,456,2019-04-21,5208.7,1320.58,0.07957055704758624,0.21508443870645308,-0.11295663832960476,-0.7039145381597397
457,457,2019-04-28,5335.642857142857,1330.3200000000004,0.08150983321701168,0.2252254128230227,-0.10338602099352301,-0.6581945014653521
458,458,2019-05-05,5543.771428571429,1331.08,0.08468936444730193,0.22601670033109128,-0.08769455982208753,-0.6546270242694885
459,459,2019-05-12,6333.928571428573,1334.7,0.09676040926016376,0.22978572767215713,-0.028122152048509007,-0.637634567099706
460,460,2019-05-19,7802.32857142857,1338.7400000000002,0.1191928106671974,0.2339920454782086,0.08258509696580218,-0.6186706093743133
461,461,2019-05-26,8001.585714285716,1318.6083333333333,0.12223681516991473,0.21303160291249332,0.09760771350909163,-0.713169637990242
462,462,2019-06-02,8604.099999999999,1326.73,0.13144128419103634,0.22148762051516982,0.14303314190956226,-0.6750461371668779
463,463,2019-06-09,7842.271428571429,1379.9199999999996,0.11980300830052103,0.2768673344022652,0.08559651335919469,-0.4253696739456926
464,464,2019-06-16,8379.857142857143,1381.78,0.1280155788082465,0.27880390646148717,0.12612677455366827,-0.41663874291370356
465,465,2019-06-23,9852.842857142858,1409.6,0.15051803509378406,0.3077691939279094,0.23717975484919535,-0.28605030134924764
466,466,2019-06-30,11763.157142857144,1454.36,0.17970145709782498,0.3543718634820814,0.38120429811000167,-0.07594467070851943
467,467,2019-07-07,11167.214285714286,1441.39,0.17059737824527588,0.34086791745621897,0.3362743101748242,-0.13682648548533363
468,468,2019-07-14,11653.44285714286,1450.56,0.1780253777616572,0.3504154259417362,0.3729325964285807,-0.09378205668784825
469,469,2019-07-21,10393.98571428571,1466.12,0.15878494723623676,0.36661599650167614,0.277978200121621,-0.02074265515143806
470,470,2019-07-28,9871.671428571428,1467.6999999999996,0.1508056747506941,0.36826104158424044,0.23859929948670996,-0.013326057823192135
471,471,2019-08-04,10270.57142857143,1475.98,0.15689957622254494,0.37688191075109845,0.26867361277451235,0.02554066741597944
472,472,2019-08-11,11774.957142857142,1532.28,0.17988172292226176,0.4354996564146346,0.38209393685855014,0.2898156228465646
473,473,2019-08-18,10500.9,1555.7199999999998,0.16041825163101286,0.459904629031922,0.2860388010830477,0.39984413004537234
474,474,2019-08-25,10366.542857142858,1550.2999999999995,0.158365709162698,0.4542614996980608,0.2759091976567763,0.3744023847801174
475,475,2019-09-01,9812.3,1567.7583333333332,0.14989867140159077,0.47243855374855087,0.23412310258723262,0.4563526558912909
476,476,2019-09-08,10467.057142857142,1565.11,0.1599012422628642,0.46968119442767,0.2834872826867864,0.4439212496100832
477,477,2019-09-15,10283.271428571428,1539.84,0.1570935911352862,0.44337088478437403,0.26963110532591633,0.32530263284754524
478,478,2019-09-22,10151.957142857143,1549.7399999999998,0.15508753367981035,0.4536784457447471,0.2597309123759655,0.37177371737263865
479,479,2019-09-29,8450.685714285715,1559.2400000000002,0.1290976102338611,0.46356953959561065,0.1314667611339399,0.41636718232096337
480,480,2019-10-06,8190.757142857144,1539.62,0.12512674258782286,0.4431418278741435,0.11186993664260436,0.3242699420803208
481,481,2019-10-13,8337.742857142857,1541.96,0.12737220877139455,0.44557816046477733,0.12295164739783108,0.3352540166044346
482,482,2019-10-20,8103.342857142858,1534.88,0.123791335106311,0.4382066926264499,0.10527950140971166,0.3020201500955798
483,483,2019-10-27,8365.4,1537.82,0.12779472043738685,0.44126772588134844,0.1250368055300226,0.3158206539848494
484,484,2019-11-03,9236.857142857143,1544.58,0.14110776622708868,0.4483060200320679,0.1907386734948729,0.34755242483228727
485,485,2019-11-10,9127.01428571429,1528.4600000000007,0.13942972273544882,0.43152239551881466,0.18245727841304413,0.2718843558884005
486,486,2019-11-17,8639.600000000002,1508.3,0.1319836093408251,0.4105324531995085,0.14570959746663695,0.17725232921911446
487,487,2019-11-24,7657.514285714285,1513.9600000000007,0.11698051688715401,0.41642546279907616,0.07166709697302019,0.20382064623043444
488,488,2019-12-01,7414.4857142857145,1495.59,0.11326782656594477,0.3972992107948274,0.05334441611308075,0.11759096716720062
489,489,2019-12-08,7394.242857142857,1514.94,0.11295858119884193,0.41744580721737506,0.05181824407107896,0.20842081419352146
490,490,2019-12-15,7210.285714285716,1513.38,0.11014831119730117,0.415821585490286,0.037949142176331725,0.20109809784411295
491,491,2019-12-22,7115.242857142856,1523.48,0.10869636382444638,0.4263373800054141,0.030783565185902587,0.2485079921575923
492,492,2019-12-29,7286.785714285716,1540.1699999999996,0.11131698370318382,0.4437144701497195,0.04371671541904135,0.3268516689983803
493,493,2020-01-05,7245.342857142858,1563.8699999999994,0.11068387092268604,0.4683901463881884,0.040592209354223245,0.43810062892208945
494,494,2020-01-12,8030.8,1607.38,0.12268311494106879,0.5136913562251422,0.09981026949066786,0.64233869838541
495,495,2020-01-19,8717.342857142856,1588.5416666666665,0.1331712686829377,0.49407749064684264,0.15157087357995616,0.5539106397343755
496,496,2020-01-26,8549.628571428571,1597.13,0.13060913698936868,0.5030193865439477,0.13892637127007557,0.5942246967306409
497,497,2020-02-02,9302.242857142857,1620.38,0.14210664840438555,0.5272265372842181,0.19566830612454272,0.703361334630483
498,498,2020-02-09,9677.128571428571,1608.1,0.14783368928195276,0.5144409970222601,0.22393210762504434,0.6457184136235977
499,499,2020-02-16,10115.628571428571,1610.6916666666666,0.15453255063920165,0.5171393568359605,0.2569919882384845,0.6578838237980964
500,500,2020-02-23,9764.92857142857,1644.39,0.14917498922988082,0.5522249755325574,0.2305516230591607,0.8160654497261909
501,501,2020-03-01,8911.42857142857,1670.22,0.13613627048777835,0.5791183391291673,0.16620360001794932,0.9373127338962086
502,502,2020-03-08,8791.585714285715,1667.92,0.13430545934831067,0.5767236532494847,0.15716827379328255,0.9265164213297729
503,503,2020-03-15,6388.3714285714295,1633.02,0.09759211998283765,0.5403868979447348,-0.024017535498001816,0.7626941132564611
504,504,2020-03-22,5719.728571428571,1506.86,0.08737742033058045,0.40903317160527236,-0.07442860284161058,0.1704928987427369
505,505,2020-03-29,6445.0,1645.16,0.09845722134853677,0.5530266747183642,-0.019748131140560062,0.8196798674114759
506,506,2020-04-05,6658.357142857143,1632.48,0.10171662823469126,0.5398246673468963,-0.0036624716858694065,0.7601593268278197
507,507,2020-04-12,7116.6,1715.6,0.1087170965766516,0.6263665327030796,0.030885884412430672,1.150328674880932
508,508,2020-04-19,6970.914285714287,1749.56,0.1064914901872975,0.6617245903004809,0.019902184705772877,1.3097385769488308
509,509,2020-04-26,7285.7857142857165,1735.2,0.11130170693840105,0.6467734210690711,0.04364132230475764,1.242332034142735
510,510,2020-05-03,8512.314285714285,1728.42,0.13003909542347408,0.6397143035628762,0.1361131310628005,1.2105063823164588
511,511,2020-05-10,9300.928571428569,1743.58,0.14208657037067102,0.655498407013306,0.19556921803148383,1.281668164276097
512,512,2020-05-17,9263.7,1758.2400000000002,0.14151783824175787,0.6707619265768489,0.1927624400911477,1.3504829217647731
513,513,2020-05-24,9307.171428571428,1769.3083333333332,0.14218194103081497,0.6822859185529154,0.19603988647351275,1.4024382201370187
514,514,2020-05-31,9297.728571428572,1751.14,0.14203768472336617,0.6633696353830457,0.19532796006577594,1.3171551742770786
515,515,2020-06-07,9745.98571428571,1751.9199999999994,0.14888560365699555,0.6641817462465895,0.22912346206572762,1.3208165324517798
516,516,2020-06-14,9570.271428571428,1761.12,0.1462012578451643,0.6737604897653207,0.2158758148415769,1.3640017827175261
517,517,2020-06-21,9395.82857142857,1771.4199999999994,0.1435363353485568,0.6844845178352033,0.20272402457701524,1.4123504868193892
518,518,2020-06-28,9307.157142857144,1807.74,0.1421817227913181,0.7222997313787144,0.19603880942902313,1.5828383443902423
519,519,2020-07-05,9131.185714285712,1817.28,0.1394934486685426,0.7322324719405284,0.18277177540405604,1.6276195712962418
520,520,2020-07-12,9297.114285714286,1857.18,0.1420283004249996,0.7737750661141537,0.19528164715271587,1.814912124079197
521,521,2020-07-19,9195.0,1865.08,0.14046832450118088,0.7820002915269766,0.18758293313985155,1.851995110720433
522,522,2020-07-26,9549.42857142857,1922.8,0.14588284641919178,0.8420964954292733,0.2143044069310048,2.1229356156485575
523,523,2020-08-02,11190.957142857142,2010.74,0.17096009228911843,0.9336567894550528,0.33806435811681906,2.5357302796017667
524,524,2020-08-09,11562.685714285713,2074.46,0.17663890223787143,1.0,0.3660901327850819,2.834835078181463
525,525,2020-08-16,11728.971428571429,2011.42,0.1791792099817508,0.9343647835412199,0.37862693064598585,2.5389222328822787
526,526,2020-08-23,11809.914285714287,2008.94,0.18041575497116838,0.9317826874622577,0.3847294647250135,2.5272809915062955
527,527,2020-08-30,11509.357142857143,1975.92,0.17582421419595548,0.897403327572205,0.3620695257047767,2.37228349544381
528,528,2020-09-06,10857.471428571429,1976.791666666667,0.16586550947355833,0.8983108788150125,0.31292183154766634,2.376375141438192
529,529,2020-09-13,10317.98571428571,1971.48,0.1576239131127455,0.8927805426566436,0.27224832343605326,2.351441918141646
530,530,2020-09-20,10898.242857142857,1991.46,0.16648836499770192,0.9135830747766696,0.31599571652146524,2.445229016001382
531,531,2020-09-27,10588.27142857143,1913.2,0.16175300439403403,0.8321012848010328,0.2926260051824712,2.0778727458060424
532,532,2020-10-04,10674.3,1927.94,0.16306724264434685,0.8474480977864773,0.29911196709985616,2.1470630272100713
533,533,2020-10-11,10958.67142857143,1936.86,0.16741151806957563,0.8567353143285508,0.32055161471318555,2.1889339437720743
534,534,2020-10-18,11438.871428571429,1939.28,0.17474742051826642,0.8592549403410865,0.3567553881922595,2.200293542211542
535,535,2020-10-25,12647.671428571428,1942.68,0.19321397378769048,0.8627949107719218,0.4478905847385,2.2162533086141
536,536,2020-11-01,13510.3,1918.42,0.20639214756831004,0.8375361805801387,0.5129268392086734,2.1023756812829104
537,537,2020-11-08,14743.428571428567,1948.68,0.2252303627009494,0.8690419174145723,0.6058962425209892,2.2444176022656723
538,538,2020-11-15,15852.785714285714,1899.88,0.24217775083247453,0.818232930054349,0.6895341323739523,2.0153480138995525
539,539,2020-11-22,17961.64285714286,1900.88,0.274394265364388,0.8192740978281241,0.8485274399535596,2.020042062841481
540,540,2020-11-29,18065.785714285714,1826.2,0.275985231296766,0.7415196884826021,0.8563790942839709,1.6694904878582462
541,541,2020-12-06,19186.485714285714,1837.42,0.2931059015888272,0.7532015909043583,0.94087215746181,1.7221577169866862
542,542,2020-12-13,18614.257142857143,1867.08,0.28436410030112685,0.7840826270745267,0.897730063379648,1.8613832086042905
543,543,2020-12-20,21904.728571428568,1880.26,0.3346318583398696,0.7978052183328821,1.1458089518414662,1.9232507736589108
544,544,2020-12-27,24421.62857142857,1894.75,0.37308194762164776,0.8128917393748828,1.3355658811823274,1.9912675428274578
545,545,2021-01-03,29537.714285714283,1905.24,0.45123918568732996,0.8238135893217833,1.7212835161251152,2.0405081162282896
546,546,2021-01-10,37315.84285714285,1931.54,0.5700638263232624,0.8511963017720675,2.307700852424811,2.163961603401014
547,547,2021-01-17,36411.885714285716,1855.0083333333328,0.5562542856781203,0.7715139967654382,2.239548708245738,1.8047182144603056
548,548,2021-01-24,33752.171428571426,1864.36,0.5156224561458642,0.7812506507298584,2.039024565140662,1.8486153954822444
549,549,2021-01-31,32889.457142857136,1861.1,0.5024429729282632,0.7778564437873517,1.97398184840355,1.8333127959315567
550,550,2021-02-07,37148.12857142857,1837.2,0.5675016946296934,0.7529725339941278,2.2950563501149306,1.7211250262194617
551,551,2021-02-14,46987.82857142858,1838.8416666666665,0.7178204770628108,0.7546817844227417,3.036901976733101,1.7288310898991268
552,552,2021-02-21,52861.642857142855,1795.89,0.8075533562833987,0.7099618932594799,3.4797471284576926,1.5272138644283877
553,553,2021-02-28,48185.042857142864,1793.2,0.7361100381002514,0.707161151948025,3.1271636901981394,1.5145868727745992
554,554,2021-03-07,49353.314285714274,1726.28,0.7539574459169789,0.6374862045269974,3.2152433115269057,1.200461117580731
555,555,2021-03-14,56916.5,1722.48,0.8694984550826015,0.6335297669866522,3.7854554364335473,1.182623731601402
556,556,2021-03-21,57545.1,1741.7400000000002,0.8791014294250568,0.6535826583095602,3.832847548072335,1.2730311142229496
557,557,2021-03-28,54131.81428571429,1740.28,0.8269574664314918,0.6520625533598483,3.5755093081319784,1.2661778027677326
558,558,2021-04-04,58300.94285714287,1717.9999999999998,0.8906482629663726,0.6288653353601397,3.8898328949814913,1.1615943923415604
559,559,2021-04-11,58408.8,1750.7,0.8922959711679437,0.6629115215625846,3.8979645808792416,1.31508979274263
560,560,2021-04-18,61032.828571428574,1760.5399999999993,0.9323826384369513,0.6731566124565305,4.095798266848876,1.3612792343312046
561,561,2021-04-25,52553.58571428571,1788.42,0.8028472397723151,0.7021843699893802,3.4565217410803273,1.4921493188321802
562,562,2021-05-02,55655.77142857144,1781.6600000000005,0.8502386012419575,0.6951460758386612,3.6904051831669995,1.4604175479847445
563,563,2021-05-09,57024.8,1807.6600000000005,0.8711529287085765,0.7222164379568129,3.7936205107104817,1.5824628204748905
564,564,2021-05-16,50658.34285714286,1839.56,0.7738940604375004,0.7554296899402368,3.313633479756227,1.732202981722413
565,565,2021-05-23,39043.1,1882.8,0.5964507274140671,0.8004497844782708,2.4379241475937254,1.9351736579714096
566,566,2021-05-30,37242.18571428571,1904.958333333333,0.5689385834772622,0.823520327065503,2.3021476110355654,2.039185959109645
567,567,2021-06-06,36987.999999999985,1902.9300000000005,0.5650554481089763,0.8214084917643634,2.2829837584291157,2.029664863172437
568,568,2021-06-13,36106.78571428572,1898.8,0.5515933447428942,0.8171084688586718,2.2165462690777553,2.010278441042269
569,569,2021-06-20,37704.58571428571,1831.3,0.5760025595128196,0.7468296441288549,2.3370093870803883,1.693430137462082
570,570,2021-06-27,33006.34285714286,1785.7199999999998,0.5042286084918735,0.6993732170001872,1.9827942264188354,1.4794753866889716
571,571,2021-07-04,34676.5,1782.083333333333,0.5297432063135814,0.6955868368628918,2.1087125747621456,1.462404695370157
572,572,2021-07-11,33740.457142857136,1804.48,0.5154434997584088,0.7189055244362076,2.038141388659052,1.5675357448395548
573,573,2021-07-18,32171.471428571425,1822.98,0.4914744740537244,0.7381671282510464,1.9198506693922817,1.6543756502652356
574,574,2021-07-25,32554.357142857134,1811.92,0.4973237290495538,0.7266518126730942,1.9487176158070532,1.6024594689675045
575,575,2021-08-01,40052.65714285714,1814.82,0.6118734944202707,0.7296711992170417,2.5140378046411667,1.616072210899097
576,576,2021-08-08,41300.74285714285,1806.54,0.6309402063061612,0.7210503300501843,2.6081348735342704,1.5772054856599276
577,577,2021-08-15,46246.81428571429,1750.36,0.7065001761192741,0.6625575245195009,2.9810346020043252,1.3134938161023735
578,578,2021-08-22,47088.84285714286,1787.84,0.7193636485453683,0.7015804926805904,3.0445177583202527,1.4894267704458608
579,579,2021-08-29,48545.614285714284,1806.1,0.7416184030019279,0.7205922162297231,3.1543482931198925,1.5751401041254787
580,580,2021-09-05,49128.971428571436,1821.908333333333,0.750530212857711,0.7370513434534838,3.1983294048595847,1.6493451944824673
581,581,2021-09-12,46852.24285714286,1803.65,0.7157491659977626,0.7180413551839744,3.026679747480709,1.5636396842177542
582,582,2021-09-19,47247.685714285726,1782.94,0.7217902535113646,0.6964787705890928,3.056493416001988,1.4664259306304108
583,583,2021-09-26,42950.400000000016,1766.56,0.6561416304498224,0.679424442454657,2.7325076630347644,1.3895374089616184
584,584,2021-10-03,44652.571428571435,1747.4,0.682145302984076,0.6594756679091269,2.8608396680796444,1.2995994312342654
585,585,2021-10-10,53335.514285714286,1763.28,0.8147925786349643,0.6760094121566749,3.515473771227799,1.3741409284320925
586,586,2021-10-17,58897.171428571426,1777.12,0.8997567066088593,0.6904191741457217,3.9347844238064624,1.4391065657883853
587,587,2021-10-24,62484.771428571425,1781.78,0.9545636279435598,0.6952710159715136,4.205264760610973,1.4609808338577732
588,588,2021-10-31,61112.985714285714,1799.12,0.9336071802540395,0.7133248651687731,4.101841563480965,1.5423756425108164
589,589,2021-11-07,62028.50000000001,1794.0,0.9475932766521713,0.707994086167045,4.170865036652262,1.518342111928142
590,590,2021-11-14,65458.985714285714,1850.1600000000005,1.0,0.7664660683422532,4.4295000381583,1.7819599005068598
591,591,2021-11-21,59646.485714285714,1863.4,0.9112038047000931,0.7802511296670346,3.9912775613837934,1.8441091084979937
592,592,2021-11-28,56539.58571428572,1792.56,0.863740424196475,0.7064948045728088,3.757038694615499,1.5115826814517643
593,593,2021-12-05,54373.74285714286,1778.52,0.83065335231144,0.6918768090290068,3.593749056566206,1.4456782343070858
594,594,2021-12-12,49806.95,1781.6,0.7608875320211902,0.695083605772234,3.249444320777256,1.4601359050482259
