Date,PriceBTC,OpenBTC,HighBTC,LowBTC,PriceGold,OpenGold,HighGold,LowGold
2012-02-05,5.925,5.925,5.925,5.925,1747.35,1751.9,1761.1999999999998,1733.7
2012-02-12,5.642857142857144,5.642857142857144,5.642857142857144,5.642857142857144,1732.1599999999999,1731.6200000000001,1744.3799999999999,1717.4399999999998
2012-02-19,4.485714285714287,4.485714285714287,4.485714285714287,4.485714285714287,1723.3,1724.1200000000001,1731.6799999999998,1716.56
2012-02-26,4.685714285714286,4.685714285714286,4.685714285714286,4.685714285714286,1771.775,1761.825,1777.1499999999999,1756.9750000000001
2012-03-04,4.828571428571428,4.828571428571428,4.828571428571428,4.828571428571428,1740.08,1750.6,1760.6,1721.7600000000002
2012-03-11,4.9142857142857155,4.9142857142857155,4.9142857142857155,4.9142857142857155,1693.3399999999997,1695.08,1702.1200000000001,1680.3200000000002
2012-03-18,5.242857142857142,5.242857142857142,5.242857142857142,5.242857142857142,1670.0,1677.94,1682.8799999999999,1659.7399999999998
2012-03-25,4.714285714285714,4.714285714285714,4.714285714285714,4.714285714285714,1653.64,1653.52,1658.9600000000003,1644.06
2012-04-01,4.799999999999999,4.799999999999999,4.799999999999999,4.799999999999999,1669.94,1669.06,1677.6599999999999,1662.1
2012-04-08,4.871428571428572,4.871428571428572,4.871428571428572,4.871428571428572,1647.075,1653.825,1660.625,1633.525
2012-04-15,4.914285714285714,4.914285714285714,4.914285714285714,4.914285714285714,1659.92,1656.48,1664.5399999999997,1645.48
2012-04-22,5.128571428571429,5.128571428571429,5.128571428571429,5.128571428571429,1644.1,1647.9600000000003,1652.3600000000001,1637.8399999999997
2012-04-29,5.042857142857143,5.042857142857143,5.042857142857143,5.042857142857143,1647.98,1646.1800000000003,1652.08,1639.7400000000002
2012-05-06,5.057142857142858,5.057142857142858,5.057142857142858,5.057142857142858,1651.48,1654.8200000000002,1658.6399999999999,1644.7400000000002
2012-05-13,4.971428571428571,4.971428571428571,4.971428571428571,4.971428571428571,1603.0,1610.0400000000002,1611.2,1598.6799999999998
2012-05-20,5.071428571428571,5.071428571428571,5.071428571428571,5.071428571428571,1563.9399999999998,1556.0800000000002,1566.52,1548.2999999999997
2012-05-27,5.114285714285714,5.114285714285714,5.114285714285714,5.114285714285714,1567.78,1564.6,1572.1599999999999,1560.7000000000003
2012-06-03,5.200000000000001,5.200000000000001,5.200000000000001,5.200000000000001,1573.775,1562.825,1588.525,1550.6000000000001
2012-06-10,5.5,5.5,5.5,5.5,1607.3799999999999,1614.9,1622.28,1597.36
2012-06-17,6.028571428571429,6.028571428571429,6.028571428571429,6.028571428571429,1614.3399999999997,1611.16,1619.92,1602.2599999999998
2012-06-24,6.499999999999999,6.499999999999999,6.499999999999999,6.499999999999999,1598.6399999999999,1607.8799999999999,1609.8400000000001,1592.22
2012-07-01,6.571428571428572,6.571428571428572,6.571428571428572,6.571428571428572,1578.44,1572.3399999999997,1583.3,1562.4
2012-07-08,6.671428571428571,6.671428571428571,6.671428571428571,6.671428571428571,1601.4499999999998,1602.925,1608.825,1594.625
2012-07-15,7.428571428571429,7.428571428571429,7.428571428571429,7.428571428571429,1579.92,1579.1600000000003,1586.0399999999997,1569.76
2012-07-22,8.728571428571428,8.728571428571428,8.728571428571428,8.728571428571428,1582.6600000000003,1585.4599999999998,1588.1399999999999,1577.3
2012-07-29,8.742857142857144,8.742857142857144,8.742857142857144,8.742857142857144,1598.8,1591.5399999999997,1597.22,1590.92
2012-08-05,10.214285714285714,10.214285714285714,10.214285714285714,10.214285714285714,1605.4599999999998,1609.34,1618.32,1596.6600000000003
2012-08-12,11.242857142857142,11.242857142857142,11.242857142857142,11.242857142857142,1614.46,1610.8600000000001,1617.1600000000003,1606.06
2012-08-19,11.742857142857144,11.742857142857144,11.742857142857144,11.742857142857144,1609.02,1609.3200000000002,1615.48,1600.42
2012-08-26,10.228571428571428,10.228571428571428,10.228571428571428,10.228571428571428,1647.36,1639.6199999999997,1651.1599999999999,1637.3600000000001
2012-09-02,10.557142857142859,10.557142857142859,10.557142857142859,10.557142857142859,1667.36,1663.2,1673.14,1657.0400000000002
2012-09-09,10.87142857142857,10.87142857142857,10.87142857142857,10.87142857142857,1705.9499999999998,1693.1499999999999,1710.4750000000001,1692.8
2012-09-16,11.528571428571428,11.528571428571428,11.528571428571428,11.528571428571428,1746.0,1742.2,1750.7599999999998,1737.64
2012-09-23,12.271428571428572,12.271428571428572,12.271428571428572,12.271428571428572,1769.6599999999999,1774.3,1775.2599999999998,1764.02
2012-09-30,12.299999999999999,12.299999999999999,12.299999999999999,12.299999999999999,1765.0400000000002,1765.3799999999999,1772.28,1758.1
2012-10-07,12.571428571428571,12.571428571428571,12.571428571428571,12.571428571428571,1780.64,1778.3600000000001,1787.44,1773.6799999999998
2012-10-14,11.914285714285715,11.914285714285715,11.914285714285715,11.914285714285715,1765.3,1769.64,1771.8799999999999,1760.48
2012-10-21,11.77142857142857,11.77142857142857,11.77142857142857,11.77142857142857,1739.6599999999999,1745.2600000000002,1747.0600000000002,1734.8
2012-10-28,11.0,11.0,11.0,11.0,1711.36,1713.56,1719.64,1707.9599999999998
2012-11-04,10.742857142857144,10.742857142857144,10.742857142857144,10.742857142857144,1704.78,1713.8200000000002,1717.4599999999998,1703.9199999999996
2012-11-11,10.871428571428572,10.871428571428572,10.871428571428572,10.871428571428572,1713.0399999999997,1706.0400000000002,1718.2600000000002,1701.98
2012-11-18,11.314285714285713,11.314285714285713,11.314285714285713,11.314285714285713,1722.3200000000002,1722.3400000000001,1725.9,1717.3799999999999
2012-11-25,12.12857142857143,12.12857142857143,12.12857142857143,12.12857142857143,1734.1000000000001,1728.3,1730.725,1726.275
2012-12-02,12.428571428571429,12.428571428571429,12.428571428571429,12.428571428571429,1729.2599999999998,1736.2600000000002,1739.3799999999999,1727.4
2012-12-09,13.3,13.3,13.3,13.3,1702.14,1704.7599999999998,1710.2599999999998,1692.3
2012-12-16,13.542857142857143,13.542857142857143,13.542857142857143,13.542857142857143,1705.8399999999997,1705.9599999999998,1711.9599999999998,1700.48
2012-12-23,13.414285714285715,13.414285714285715,13.414285714285715,13.414285714285715,1667.4,1676.6200000000001,1681.0,1657.7
2012-12-30,13.414285714285715,13.414285714285715,13.414285714285715,13.414285714285715,1658.975,1658.1,1664.15,1654.825
2013-01-06,13.400000000000002,13.400000000000002,13.400000000000002,13.400000000000002,1671.125,1665.3249999999998,1679.0,1653.2749999999999
2013-01-13,13.942857142857141,13.942857142857141,13.942857142857141,13.942857142857141,1659.8200000000002,1661.6799999999998,1665.6799999999998,1653.8799999999999
2013-01-20,15.114285714285714,15.114285714285714,15.114285714285714,15.114285714285714,1682.4,1675.0399999999997,1685.0400000000002,1673.6799999999998
2013-01-27,17.371428571428574,17.371428571428574,17.371428571428574,17.371428571428574,1676.25,1681.35,1683.275,1674.55
2013-02-03,19.857142857142858,19.857142857142858,19.857142857142858,19.857142857142858,1664.6,1662.9,1672.28,1658.28
2013-02-10,22.08571428571429,22.08571428571429,22.08571428571429,22.08571428571429,1672.36,1672.58,1678.6,1664.8
2013-02-17,26.042857142857144,26.042857142857144,26.042857142857144,26.042857142857144,1636.92,1647.3600000000001,1650.3,1631.7
2013-02-24,29.400000000000002,29.400000000000002,29.400000000000002,29.400000000000002,1582.9499999999998,1590.8,1597.625,1572.075
2013-03-03,32.728571428571435,32.728571428571435,32.728571428571435,32.728571428571435,1589.2400000000002,1592.22,1601.0,1579.92
2013-03-10,42.357142857142854,42.357142857142854,42.357142857142854,42.357142857142854,1574.5399999999997,1578.92,1582.7199999999998,1568.7200000000003
2013-03-17,46.885714285714286,46.885714285714286,46.885714285714286,46.885714285714286,1588.14,1584.8600000000001,1590.72,1581.34
2013-03-24,64.52857142857142,64.52857142857142,64.52857142857142,64.52857142857142,1608.6799999999998,1610.56,1611.56,1607.3600000000001
2013-03-31,86.12857142857142,86.12857142857142,86.12857142857142,86.12857142857142,1600.35,1601.5249999999999,1604.5749999999998,1593.9499999999998
2013-04-07,133.7571428571429,133.7571428571429,133.7571428571429,133.7571428571429,1571.02,1576.44,1583.48,1561.4599999999998
2013-04-14,143.9142857142857,143.9142857142857,143.9142857142857,143.9142857142857,1556.3600000000001,1569.94,1576.6799999999998,1545.92
2013-04-21,102.45714285714287,102.45714285714287,102.45714285714287,102.45714285714287,1383.3799999999999,1395.24,1419.8600000000001,1354.7599999999998
2013-04-28,138.0142857142857,138.0142857142857,138.0142857142857,138.0142857142857,1433.6799999999998,1431.98,1446.56,1423.48
2013-05-05,118.98571428571428,118.98571428571428,118.98571428571428,118.98571428571428,1463.5800000000002,1466.8200000000002,1477.5,1455.64
2013-05-12,113.71428571428571,113.71428571428571,113.71428571428571,113.71428571428571,1459.3200000000002,1462.48,1470.16,1446.94
2013-05-19,118.71428571428571,118.71428571428571,118.71428571428571,118.71428571428571,1401.5399999999997,1414.5800000000002,1419.3799999999999,1393.92
2013-05-26,127.65714285714286,127.65714285714286,127.65714285714286,127.65714285714286,1381.7,1376.8000000000002,1392.3,1366.1
2013-06-02,128.64285714285714,128.64285714285714,128.64285714285714,128.64285714285714,1394.0900000000001,1392.5099999999998,1403.7099999999998,1385.55
2013-06-09,114.61428571428571,114.61428571428571,114.61428571428571,114.61428571428571,1401.18,1402.1399999999999,1415.9,1388.48
2013-06-16,103.95714285714284,103.95714285714284,103.95714285714284,103.95714285714284,1383.98,1381.7400000000002,1389.0600000000002,1373.3000000000002
2013-06-23,107.77142857142857,107.77142857142857,107.77142857142857,107.77142857142857,1340.1,1354.0,1358.9599999999998,1327.08
2013-06-30,99.75714285714285,99.75714285714285,99.75714285714285,99.75714285714285,1243.2800000000002,1255.6200000000001,1266.22,1231.84
2013-07-07,76.07142857142857,76.07142857142857,76.07142857142857,76.07142857142857,1242.31,1247.97,1259.15,1233.81
2013-07-14,84.97142857142856,84.97142857142856,84.97142857142856,84.97142857142856,1257.22,1253.0,1264.18,1249.3200000000002
2013-07-21,88.38571428571429,88.38571428571429,88.38571428571429,88.38571428571429,1286.0800000000002,1284.94,1292.48,1279.8200000000002
2013-07-28,88.81428571428572,88.81428571428572,88.81428571428572,88.81428571428572,1328.3799999999999,1327.8,1336.58,1320.8799999999999
2013-08-04,96.34285714285714,96.34285714285714,96.34285714285714,96.34285714285714,1317.28,1322.16,1328.5,1307.88
2013-08-11,95.22857142857143,95.22857142857143,95.22857142857143,95.22857142857143,1299.1,1299.14,1308.24,1288.24
2013-08-18,97.88571428571427,97.88571428571427,97.88571428571427,97.88571428571427,1344.6399999999999,1334.74,1353.2599999999998,1327.2
2013-08-25,108.07142857142857,108.07142857142857,108.07142857142857,108.07142857142857,1375.36,1369.06,1383.46,1363.14
2013-09-01,120.81428571428572,120.81428571428572,120.81428571428572,120.81428571428572,1408.3200000000002,1408.8600000000001,1415.8600000000001,1400.38
2013-09-08,121.15714285714286,121.15714285714286,121.15714285714286,121.15714285714286,1391.0800000000002,1390.1799999999998,1402.6,1377.0
2013-09-15,123.9857142857143,123.9857142857143,123.9857142857143,123.9857142857143,1350.7199999999998,1363.2,1363.22,1345.7000000000003
2013-09-22,124.25714285714287,124.25714285714287,124.25714285714287,124.25714285714287,1327.42,1328.78,1342.1799999999998,1321.34
2013-09-29,123.58571428571429,123.58571428571429,123.58571428571429,123.58571428571429,1328.1599999999999,1325.54,1334.02,1320.9199999999998
2013-10-06,118.47142857142858,118.47142857142858,118.47142857142858,118.47142857142858,1312.04,1318.1,1328.7400000000002,1298.8
2013-10-13,125.91428571428571,125.91428571428571,125.91428571428571,125.91428571428571,1304.1,1309.64,1315.36,1295.42
2013-10-20,146.31428571428572,146.31428571428572,146.31428571428572,146.31428571428572,1293.7,1290.98,1300.28,1283.0
2013-10-27,183.0714285714286,183.0714285714286,183.0714285714286,183.0714285714286,1338.94,1328.66,1339.3600000000001,1328.6
2013-11-03,197.9857142857143,197.9857142857143,197.9857142857143,197.9857142857143,1336.58,1342.3,1346.8799999999999,1334.78
2013-11-10,281.90000000000003,281.90000000000003,281.90000000000003,281.90000000000003,1306.64,1314.6,1317.6599999999999,1302.16
2013-11-17,400.4428571428572,388.0142857142858,407.2428571428572,379.3142857142857,1278.78,1281.1599999999999,1285.28,1276.04
2013-11-24,692.8714285714285,625.7142857142857,706.7714285714285,583.0428571428572,1258.2,1263.3600000000001,1264.6200000000001,1252.6
2013-12-01,966.4714285714284,932.6000000000001,979.4428571428572,913.6857142857144,1242.94,1238.2800000000002,1247.66,1235.48
2013-12-08,946.4142857142858,974.2571428571429,1050.0428571428572,871.342857142857,1231.1399999999999,1232.88,1242.22,1215.58
2013-12-15,922.3571428571428,918.4714285714286,950.1285714285714,889.3714285714286,1243.58,1242.26,1253.3,1233.6399999999999
2013-12-22,645.5571428571429,681.5428571428572,728.5857142857143,578.7428571428571,1222.58,1224.8799999999999,1234.1,1211.36
2013-12-29,693.65,697.7333333333332,711.1999999999999,681.3166666666666,1208.425,1206.375,1211.3000000000002,1203.4
2014-01-05,785.4428571428571,771.3857142857142,789.4428571428572,765.9857142857144,1214.7599999999998,1208.2,1219.92,1201.04
2014-01-12,860.5285714285714,868.1999999999999,884.8142857142857,839.0,1233.7,1232.08,1238.54,1225.26
2014-01-19,818.2857142857143,829.4285714285714,835.1,813.1142857142858,1245.18,1244.74,1248.8600000000001,1240.82
2014-01-26,808.3142857142857,809.5714285714286,816.6571428571427,784.8999999999999,1252.7,1249.46,1258.2,1245.34
2014-02-02,795.6333333333333,796.2833333333333,807.4500000000002,781.6166666666667,1251.8200000000002,1258.1,1261.44,1250.08
2014-02-09,757.9428571428572,767.2142857142857,774.2571428571429,748.3714285714286,1258.06,1254.22,1267.8200000000002,1250.7
2014-02-16,661.1285714285714,678.1285714285714,699.0571428571429,628.3571428571429,1295.92,1285.82,1297.94,1282.8
2014-02-23,611.9,614.8142857142857,630.4571428571429,594.3857142857142,1322.9599999999998,1319.1200000000001,1327.24,1314.22
2014-03-02,561.7428571428571,571.9857142857143,585.2714285714286,537.4285714285714,1332.5,1332.2,1338.9,1325.1599999999999
2014-03-09,645.7285714285715,636.0142857142857,659.4,622.9857142857143,1343.58,1341.72,1349.96,1332.48
2014-03-16,632.657142857143,627.7714285714286,635.9714285714286,625.2428571428572,1361.8799999999999,1353.6,1365.7400000000002,1350.72
2014-03-23,590.3142857142857,600.3285714285714,608.6142857142858,587.7714285714285,1347.96,1355.06,1356.8,1343.8200000000002
2014-03-30,531.2714285714286,547.6571428571428,555.1428571428571,517.2857142857143,1302.9,1310.12,1311.56,1302.08
2014-04-06,455.91428571428565,459.50000000000006,472.2428571428572,440.77142857142854,1288.2199999999998,1287.1799999999998,1296.1,1281.4
2014-04-13,421.57142857142856,428.2428571428572,441.30000000000007,406.42857142857144,1310.1999999999998,1307.66,1315.66,1304.3
2014-04-20,500.7142857142857,483.37142857142857,507.2857142857143,474.97142857142853,1305.925,1311.4,1314.925,1299.775
2014-04-27,476.1714285714285,487.12857142857143,489.8285714285715,469.34285714285716,1288.8,1288.38,1296.2,1281.66
2014-05-04,444.8857142857143,445.7142857142857,451.88571428571424,438.04285714285714,1295.2400000000002,1292.46,1298.76,1284.6799999999998
2014-05-11,438.12857142857143,439.2142857142857,445.85714285714283,432.97142857142853,1296.1200000000001,1300.8200000000002,1302.88,1294.6399999999999
2014-05-18,440.9142857142857,439.11428571428576,441.54285714285714,435.7714285714286,1296.54,1293.24,1298.8200000000002,1290.42
2014-05-25,496.1285714285714,478.0142857142858,501.9714285714286,474.85714285714283,1292.4,1292.1833333333334,1292.4,1291.6166666666668
2014-06-01,600.8714285714286,590.5142857142857,609.5714285714286,583.6857142857143,1263.8200000000002,1271.2400000000002,1273.1600000000003,1264.74
2014-06-08,664.0428571428572,660.8428571428573,673.9142857142857,648.6285714285715,1247.42,1247.3200000000002,1252.0400000000002,1242.3200000000002
2014-06-15,606.0571428571428,621.0142857142857,628.0285714285714,595.8285714285714,1264.2800000000002,1259.5,1266.3999999999999,1258.6399999999999
2014-06-22,602.6,597.3285714285714,610.6857142857142,592.7571428571429,1289.7800000000002,1284.22,1294.28,1276.6200000000001
2014-06-29,591.8000000000001,593.1857142857143,599.0142857142856,585.8142857142857,1319.2400000000002,1316.0399999999997,1321.28,1313.12
2014-07-06,639.6857142857143,639.3142857142857,648.2428571428571,631.4428571428572,1447.4,1323.44,1328.5,1319.48
2014-07-13,621.1714285714286,622.0142857142857,626.7428571428571,615.0428571428571,1482.14,1326.08,1331.38,1323.48
2014-07-20,623.3714285714285,623.1285714285715,626.9714285714286,616.9571428571428,1460.74,1312.8799999999999,1318.8999999999999,1301.0
2014-07-27,604.6285714285714,609.1428571428571,611.5142857142857,598.4142857142857,1459.8200000000002,1302.7800000000002,1303.68,1302.7800000000002
2014-08-03,579.4571428571429,578.5142857142857,588.3999999999999,568.6714285714286,1453.48,1299.22,1303.1599999999999,1293.12
2014-08-10,580.8,580.8142857142857,585.2428571428571,578.7571428571429,1455.3600000000001,1297.3200000000002,1306.4,1293.3600000000001
2014-08-17,533.1714285714286,544.9571428571429,550.0285714285714,519.8,1465.44,1309.38,1313.46,1303.56
2014-08-24,503.4857142857143,501.64285714285717,514.9428571428571,487.87142857142857,1442.8200000000002,1292.3200000000002,1293.92,1285.02
2014-08-31,502.8,507.74285714285713,511.14285714285717,500.80000000000007,1413.5666666666666,1309.7166666666667,1311.5166666666667,1307.2333333333333
2014-09-07,480.62857142857143,481.54285714285714,486.5285714285714,476.8142857142857,1395.48,1274.06,1277.8400000000001,1267.0
2014-09-14,474.84285714285716,475.0571428571428,479.88571428571424,468.82857142857154,1400.0000000000002,1247.2599999999998,1247.2599999999998,1243.3799999999999
2014-09-21,432.37142857142857,442.61428571428576,450.1571428571429,424.7571428571428,1386.5600000000002,1227.1399999999999,1229.6399999999999,1223.8000000000002
2014-09-28,404.47142857142853,408.1,416.6428571428572,394.87142857142857,1374.6200000000001,1215.2599999999998,1216.58,1214.7599999999998
2014-10-05,360.04285714285714,368.5428571428571,375.8142857142857,350.07142857142856,1365.1200000000001,1213.3,1218.02,1205.1
2014-10-12,351.5857142857143,345.2,360.40000000000003,335.5571428571429,1356.2,1241.0,1243.9,1238.3
2014-10-19,387.24285714285713,384.12857142857143,393.7571428571428,376.2714285714286,1333.1799999999998,1237.78,1239.48,1232.6
2014-10-26,364.75714285714287,369.8428571428572,373.54285714285714,360.11428571428576,1361.9599999999998,1238.1,1240.1,1237.6
2014-11-02,338.2142857142857,342.6714285714285,346.4857142857143,334.4714285714286,1334.6,1218.5400000000002,1219.98,1206.7
2014-11-09,340.42857142857144,335.8142857142857,344.4857142857143,332.24285714285713,1281.6399999999999,1156.48,1165.84,1147.3399999999997
2014-11-16,390.87142857142857,388.7,404.08571428571435,373.58571428571435,1286.7599999999998,1161.48,1173.02,1152.56
2014-11-23,364.14285714285705,369.0,376.7142857142857,358.6285714285714,1311.48,1191.9,1195.3200000000002,1188.84
2014-11-30,373.32857142857137,372.14285714285717,381.7714285714286,362.7714285714286,1284.78,1197.92,1198.72,1187.3000000000002
2014-12-07,375.8857142857143,376.0,380.14285714285705,371.4428571428571,1321.6,1196.3400000000001,1213.08,1183.48
2014-12-14,352.9285714285714,356.0857142857143,360.84285714285716,348.50000000000006,1337.18,1215.6399999999999,1227.88,1209.6399999999999
2014-12-21,323.7571428571428,329.6714285714285,333.67142857142863,319.04285714285714,1306.3,1201.24,1210.56,1192.1799999999998
2014-12-28,323.65714285714284,324.00000000000006,328.1857142857143,318.07142857142856,1269.94,1181.3,1186.1799999999998,1174.7199999999998
2015-01-04,301.07142857142856,310.1285714285714,313.0857142857143,299.3,1292.94,1245.02,1251.48,1246.24
2015-01-11,282.1714285714285,281.3,290.3285714285715,274.0857142857143,1355.6599999999999,1352.9599999999998,1352.9599999999998,1351.98
2015-01-18,216.58571428571432,224.5714285714286,238.27142857142854,203.52857142857144,1364.8166666666666,1360.8666666666668,1361.0166666666667,1360.35
2015-01-25,230.35714285714286,226.24285714285716,237.04285714285714,218.24285714285716,1388.9,1378.6599999999999,1378.6799999999998,1377.2400000000002
2015-02-01,240.81428571428572,245.72857142857146,260.3285714285714,227.14285714285714,1394.1799999999998,1397.4599999999998,1397.4599999999998,1397.4599999999998
2015-02-08,226.64285714285714,227.21428571428575,233.22857142857143,220.20000000000002,1362.1200000000001,1360.8400000000001,1360.8400000000001,1360.8400000000001
2015-02-15,230.4857142857143,228.88571428571427,237.92857142857142,221.78571428571428,1310.5,1310.3999999999999,1310.5833333333333,1310.3333333333333
2015-02-22,240.1,239.95714285714286,245.97142857142856,234.54285714285717,1290.6399999999999,1292.7199999999998,1294.26,1292.68
2015-03-01,246.72857142857143,243.04285714285714,249.58571428571426,238.91428571428568,1300.6599999999999,1300.6599999999999,1300.6599999999999,1300.6599999999999
2015-03-08,276.84285714285716,274.9857142857143,282.42857142857144,267.11428571428576,1294.4599999999998,1294.4599999999998,1294.4599999999998,1294.4599999999998
2015-03-15,289.8285714285715,288.17142857142863,295.35714285714283,285.62857142857143,1254.48,1254.48,1254.48,1254.48
2015-03-22,269.59999999999997,272.1714285714286,277.4,263.4428571428571,1255.1,1255.1,1255.1,1255.1
2015-03-29,250.01428571428573,253.84285714285716,257.2428571428572,245.25714285714284,1286.98,1286.98,1286.98,1286.98
2015-04-05,251.5142857142857,249.0,253.47142857142856,246.52857142857144,1283.84,1283.84,1283.84,1283.84
2015-04-12,243.8857142857143,247.32857142857142,249.21428571428572,240.5285714285714,1293.96,1293.96,1293.96,1293.96
2015-04-19,223.62857142857143,225.65714285714284,228.21428571428572,220.04285714285714,1284.7,1284.7,1284.7,1284.7
2015-04-26,229.6142857142857,230.14285714285714,232.8,225.65714285714284,1277.1,1277.1,1277.1,1277.1
2015-05-03,231.65714285714287,228.57142857142853,235.2571428571429,226.64285714285714,1285.94,1285.94,1285.94,1285.94
2015-05-10,238.37142857142857,238.37142857142857,243.29999999999998,234.04285714285714,1282.98,1282.98,1282.98,1282.98
2015-05-17,238.0,238.64285714285714,241.08571428571426,235.6142857142857,1302.8799999999999,1302.8799999999999,1302.8799999999999,1302.8799999999999
2015-05-24,236.3857142857143,235.7,238.67142857142858,233.78571428571425,1288.0500000000002,1290.9666666666665,1291.0833333333333,1289.1000000000001
2015-05-31,235.14285714285714,236.9,237.5714285714286,233.67142857142858,1265.88,1266.66,1267.54,1263.3600000000001
2015-06-07,224.05714285714285,224.84285714285716,227.50000000000003,222.08571428571432,1276.9599999999998,1276.44,1277.0,1275.92
2015-06-14,230.3,228.87142857142862,231.91428571428574,228.17142857142858,1280.2,1280.2,1280.2,1280.2
2015-06-21,245.97142857142856,244.42857142857142,249.8,240.48571428571427,1288.4599999999998,1288.4599999999998,1288.4599999999998,1287.78
2015-06-28,245.21428571428572,244.58571428571423,247.21428571428572,242.18571428571425,1274.2599999999998,1274.2599999999998,1274.2599999999998,1273.6399999999999
2015-07-05,259.1428571428571,256.8,262.5857142857143,253.35714285714283,1249.3200000000002,1248.7,1249.56,1248.58
2015-07-12,279.68333333333334,274.70000000000005,283.05,272.65000000000003,1258.08,1258.08,1258.08,1258.08
2015-07-19,282.2857142857143,287.4428571428572,291.68571428571425,278.8857142857143,1245.52,1245.52,1245.52,1245.52
2015-07-26,283.0857142857143,280.5,285.17142857142863,278.4857142857143,1192.54,1192.54,1192.54,1192.54
2015-08-02,287.9142857142857,289.4142857142857,291.74285714285713,283.7142857142857,1187.0400000000002,1187.0400000000002,1187.0400000000002,1187.0400000000002
2015-08-09,276.5,278.9142857142857,281.4714285714286,274.01428571428573,1180.0,1180.0,1180.0,1180.0
2015-08-16,265.25714285714287,266.11428571428576,268.7285714285714,262.24285714285713,1202.7800000000002,1202.7800000000002,1202.7800000000002,1202.7800000000002
2015-08-23,227.74285714285716,233.81428571428572,243.08571428571432,218.1285714285714,1224.06,1224.06,1224.06,1224.06
2015-08-30,225.4,225.1142857142857,231.8,217.67142857142858,1219.44,1219.44,1219.44,1219.44
2015-09-06,232.04285714285714,230.47142857142856,235.07142857142858,228.17142857142855,1196.0833333333333,1196.4833333333333,1196.6166666666668,1196.0333333333335
2015-09-13,238.7,240.1285714285714,242.71428571428572,236.91428571428574,1174.06,1173.98,1174.8799999999999,1173.1200000000001
2015-09-20,231.77142857142854,231.61428571428567,234.01428571428573,229.94285714285715,1194.3,1192.72,1192.72,1192.72
2015-09-27,232.41428571428574,232.2,234.84285714285713,230.2,1212.2000000000003,1212.2000000000003,1212.2000000000003,1212.2000000000003
2015-10-04,238.4857142857143,237.6142857142857,240.54285714285717,236.5142857142857,1194.6799999999998,1194.6799999999998,1194.6799999999998,1194.6799999999998
2015-10-11,245.04285714285714,243.81428571428572,246.52857142857147,242.25714285714284,1212.22,1212.22,1212.22,1212.22
2015-10-18,258.2142857142857,255.79999999999998,261.8142857142857,252.78571428571428,1240.8799999999999,1240.8799999999999,1240.8799999999999,1240.8799999999999
2015-10-25,275.4,272.5857142857143,279.4142857142857,270.51428571428573,1230.7599999999998,1230.7599999999998,1230.7599999999998,1230.7599999999998
2015-11-01,310.95714285714286,304.40000000000003,317.2285714285714,300.11428571428576,1212.96,1212.96,1212.96,1212.96
2015-11-08,385.95714285714286,379.7285714285714,418.3,359.32857142857137,1165.6399999999999,1165.6399999999999,1165.6399999999999,1165.6399999999999
2015-11-15,337.8285714285715,345.6,354.67142857142863,324.7142857142857,1145.3200000000002,1145.3200000000002,1145.3200000000002,1145.3200000000002
2015-11-22,329.3285714285715,328.75714285714287,333.77142857142854,321.1,1133.1399999999999,1133.88,1135.3600000000001,1133.88
2015-11-29,345.5,338.5428571428571,350.81428571428575,333.87142857142857,1114.0,1113.8600000000001,1114.68,1113.68
2015-12-06,371.88571428571424,369.47142857142853,380.5571428571429,360.6857142857143,1124.4199999999998,1124.4199999999998,1124.4199999999998,1124.4199999999998
2015-12-13,425.15714285714284,419.35714285714283,435.42857142857144,404.07142857142856,1133.46,1133.46,1133.46,1133.46
2015-12-20,455.49999999999994,453.9428571428571,462.41428571428565,441.85714285714283,1121.5800000000002,1121.5800000000002,1121.5800000000002,1121.5800000000002
2015-12-27,438.0857142857143,440.9142857142857,448.35714285714295,427.7,1134.65,1134.65,1134.65,1134.65
2016-01-03,428.74285714285713,427.8,433.31428571428575,420.8285714285715,1124.625,1124.625,1124.625,1124.625
2016-01-10,443.47142857142853,440.59999999999997,448.0,434.6571428571429,1148.04,1148.04,1148.04,1148.04
2016-01-17,410.15714285714284,419.78571428571433,426.85714285714295,400.75714285714287,1128.9666666666667,1128.6833333333334,1129.05,1128.6833333333334
2016-01-24,395.11428571428576,392.14285714285717,406.08571428571435,381.2571428571428,1132.44,1132.78,1133.4,1132.22
2016-01-31,382.2571428571428,387.5428571428571,391.14285714285717,376.2285714285714,1161.8400000000001,1161.8400000000001,1161.8400000000001,1161.8400000000001
2016-02-07,376.4857142857143,375.5428571428571,382.65714285714284,369.7,1184.52,1189.0,1189.0,1189.0
2016-02-14,383.9571428571429,378.8,387.0,376.7857142857143,1249.1000000000001,1248.1999999999998,1248.2333333333333,1247.4833333333333
2016-02-21,420.4,415.7714285714286,426.8142857142857,410.35714285714283,1245.2599999999998,1248.22,1248.44,1241.98
2016-02-28,430.9571428571429,431.88571428571424,436.2428571428572,421.9714285714286,1264.2000000000003,1264.06,1264.06,1264.06
2016-03-06,418.1285714285715,422.4857142857143,427.4142857142857,412.27142857142854,1288.7599999999998,1288.7599999999998,1288.7599999999998,1288.7599999999998
2016-03-13,413.6857142857143,412.54285714285714,417.75714285714287,408.30000000000007,1310.28,1306.1799999999998,1306.1799999999998,1306.1799999999998
2016-03-20,413.57142857142856,413.64285714285717,416.84285714285716,410.02857142857147,1294.3200000000002,1292.44,1292.72,1292.44
2016-03-27,417.5857142857143,415.2857142857143,419.32857142857137,412.7142857142857,1270.9199999999998,1275.9199999999998,1275.9199999999998,1270.06
2016-04-03,418.22857142857146,419.2714285714286,421.54285714285714,414.37142857142857,1276.7400000000002,1276.7400000000002,1276.7400000000002,1276.7400000000002
2016-04-10,421.07142857142856,420.9714285714286,422.75714285714287,417.2,1275.52,1275.52,1275.52,1275.52
2016-04-17,427.5857142857143,426.6285714285714,429.9428571428571,424.62857142857143,1290.9,1290.9,1290.9,1290.9
2016-04-24,446.9,442.0,449.0857142857143,439.1857142857142,1292.34,1292.34,1292.34,1292.34
2016-05-01,454.07142857142856,455.7428571428572,461.5,447.4,1307.9,1307.9,1307.9,1307.9
2016-05-08,453.0285714285714,451.77142857142854,456.5,447.08571428571435,1334.4599999999998,1334.4599999999998,1334.4599999999998,1334.4599999999998
2016-05-15,455.58571428571435,455.8714285714286,459.5571428571428,451.5285714285714,1316.8,1316.8,1316.8,1316.8
2016-05-22,444.9428571428572,447.7857142857143,450.2571428571428,441.65714285714284,1316.56,1316.56,1316.56,1316.56
2016-05-29,474.54285714285714,461.15714285714284,483.9428571428571,457.85714285714283,1281.2400000000002,1281.2400000000002,1281.2400000000002,1281.2400000000002
2016-06-05,550.9714285714286,544.8571428571429,563.342857142857,536.8285714285713,1261.6299999999999,1260.85,1261.83,1259.5600000000002
2016-06-12,598.0285714285714,584.1857142857142,604.5285714285716,576.4571428571428,1312.8600000000001,1312.8600000000001,1312.8600000000001,1312.8600000000001
2016-06-19,732.9142857142858,719.3142857142858,749.1571428571427,692.4714285714286,1339.28,1339.28,1339.28,1339.28
2016-06-26,657.5571428571428,671.9857142857143,693.6857142857142,631.5142857142857,1337.0800000000002,1337.0800000000002,1337.0800000000002,1337.0800000000002
2016-07-03,666.0,661.6714285714286,679.0714285714286,641.9,1374.5333333333335,1374.3666666666668,1374.875,1373.425
2016-07-10,661.3142857142857,662.7428571428571,673.4857142857143,639.4,1403.24,1401.84,1404.8700000000001,1401.44
2016-07-17,663.2428571428571,658.4428571428572,672.1857142857143,653.1999999999999,1394.44,1394.44,1394.44,1394.44
2016-07-24,663.4142857142857,666.4714285714286,670.8285714285714,655.3142857142857,1387.02,1387.02,1387.02,1387.02
2016-07-31,649.0333333333333,655.8000000000001,659.1833333333333,644.1333333333333,1394.08,1394.8799999999999,1394.8799999999999,1394.8799999999999
2016-08-07,604.6428571428571,607.3571428571429,609.0142857142856,602.9285714285714,1421.06,1421.06,1421.06,1421.06
2016-08-14,589.7714285714285,594.7571428571429,598.342857142857,586.4428571428572,1410.46,1410.32,1410.32,1410.32
2016-08-21,574.2428571428571,572.5571428571428,579.0142857142857,569.6857142857143,1413.4599999999998,1411.8,1411.8,1411.8
2016-08-28,578.5285714285714,579.5571428571428,583.0714285714286,575.3000000000001,1394.12,1393.9199999999998,1393.9199999999998,1393.9199999999998
2016-09-04,586.7714285714285,581.0142857142857,589.6999999999999,577.5142857142857,1368.4916666666668,1368.8166666666666,1368.9083333333335,1368.4750000000001
2016-09-11,620.657142857143,620.9857142857143,626.7714285714285,612.6142857142856,1388.5199999999998,1387.5699999999997,1388.73,1387.4099999999999
2016-09-18,611.7428571428571,611.6142857142858,615.5142857142856,609.0,1378.1,1379.6599999999999,1379.6599999999999,1377.9
2016-09-25,601.4999999999999,603.3142857142857,605.6000000000001,598.9571428571429,1386.52,1386.52,1386.52,1386.52
2016-10-02,608.1857142857143,606.9428571428572,611.0714285714286,604.3714285714286,1381.8399999999997,1384.4599999999998,1384.4599999999998,1384.4599999999998
2016-10-09,615.4857142857143,614.3857142857144,617.9142857142858,612.3571428571429,1323.8600000000001,1323.8600000000001,1323.8600000000001,1323.8600000000001
2016-10-16,637.5142857142856,633.6,641.5285714285716,631.7285714285714,1310.7600000000002,1310.7600000000002,1310.7600000000002,1310.7600000000002
2016-10-23,643.3714285714285,641.2428571428571,649.3142857142857,635.657142857143,1320.4199999999998,1320.4199999999998,1320.4199999999998,1320.4199999999998
2016-10-30,684.5857142857143,678.3714285714286,691.5428571428572,673.3714285714286,1328.1,1328.1,1328.1,1328.1
2016-11-06,713.7285714285715,714.0142857142856,727.5142857142857,696.6857142857143,1355.84,1355.84,1355.84,1355.84
2016-11-13,712.4571428571429,712.7142857142857,720.4714285714288,702.9,1324.32,1323.98,1323.98,1323.98
2016-11-20,734.5571428571428,731.4714285714284,744.6857142857143,719.7142857142857,1285.6600000000003,1285.6600000000003,1285.6600000000003,1285.6600000000003
2016-11-27,737.9,738.5428571428571,743.9999999999999,727.4714285714284,1248.55,1249.2800000000002,1249.5,1247.39
2016-12-04,752.2285714285715,746.0285714285714,756.0142857142856,741.9428571428571,1245.72,1245.72,1245.72,1245.72
2016-12-11,764.5142857142856,764.2428571428571,771.0142857142856,757.657142857143,1241.94,1240.94,1240.94,1240.94
2016-12-18,781.4714285714286,778.6142857142858,786.4428571428571,774.8714285714286,1229.2399999999998,1229.2399999999998,1229.2399999999998,1229.2399999999998
2016-12-25,855.7142857142857,840.3285714285714,862.8857142857142,828.0571428571429,1204.1666666666667,1204.1666666666667,1204.1666666666667,1204.1666666666667
2017-01-01,960.2714285714285,946.1428571428571,967.8857142857142,931.3142857142857,1211.23,1212.22,1212.4299999999998,1212.02
2017-01-08,988.9,1000.9857142857144,1038.2857142857142,927.1000000000001,1232.1299999999999,1229.72,1230.49,1229.52
2017-01-15,836.5857142857143,850.3142857142858,868.8000000000001,807.4714285714286,1264.0083333333332,1262.2,1263.4916666666668,1262.2
2017-01-22,895.1285714285714,880.342857142857,906.5571428571428,863.4142857142857,1274.1299999999999,1273.91,1274.95,1273.26
2017-01-29,907.6,908.9571428571428,920.3142857142857,900.342857142857,1283.74,1285.28,1285.28,1284.44
2017-02-05,989.4857142857143,976.3857142857144,997.0285714285714,963.3142857142858,1292.1,1291.9999999999998,1292.3999999999999,1291.9999999999998
2017-02-12,1013.8285714285714,1015.4142857142858,1034.9857142857143,986.1714285714286,1315.58,1317.1399999999999,1317.1399999999999,1317.1399999999999
2017-02-19,1033.5142857142857,1024.8857142857144,1041.3428571428572,1016.1857142857142,1300.5666666666668,1300.3500000000001,1300.8916666666667,1300.3500000000001
2017-02-26,1150.4857142857143,1132.9857142857143,1167.0285714285715,1104.2,1308.1599999999999,1307.97,1308.55,1307.22
2017-03-05,1244.8714285714286,1230.1142857142856,1257.357142857143,1212.8285714285714,1325.44,1325.44,1325.44,1325.44
2017-03-12,1194.7142857142858,1202.3285714285714,1254.0285714285715,1139.742857142857,1293.3200000000002,1295.3,1295.3,1295.2800000000002
2017-03-19,1137.7285714285715,1167.5428571428572,1193.1571428571428,1110.3285714285714,1296.3,1297.78,1297.78,1297.78
2017-03-26,1015.7714285714286,1022.6142857142859,1051.9571428571428,975.0000000000001,1327.3200000000002,1324.8200000000002,1324.8200000000002,1324.8200000000002
2017-04-02,1064.6714285714284,1044.9999999999998,1077.1857142857143,1028.6571428571428,1333.38,1338.92,1338.92,1338.38
2017-04-09,1175.4142857142856,1160.0285714285715,1187.6142857142856,1144.6714285714286,1333.24,1332.5000000000002,1332.5000000000002,1332.5000000000002
2017-04-16,1211.7714285714285,1212.5142857142857,1228.4428571428573,1195.1571428571428,1340.0700000000002,1340.0700000000002,1340.0700000000002,1340.0700000000002
2017-04-23,1300.3714285714286,1280.0857142857142,1309.2428571428572,1269.7,1365.98,1364.54,1368.1799999999998,1364.54
2017-04-30,1404.1857142857145,1393.1285714285714,1418.0857142857144,1371.3857142857144,1347.3200000000002,1347.3200000000002,1347.3200000000002,1347.3200000000002
2017-05-07,1582.8714285714286,1556.4571428571428,1627.8857142857141,1515.1571428571428,1322.3,1323.1,1323.1,1323.1
2017-05-14,1785.3428571428572,1755.642857142857,1827.9285714285713,1707.1,1301.48,1305.16,1305.1999999999998,1304.5800000000002
2017-05-21,1917.8714285714289,1888.8999999999999,1948.242857142857,1852.142857142857,1323.5400000000002,1325.22,1325.36,1325.22
2017-05-28,2162.5428571428574,2161.514285714286,2356.214285714286,2029.0285714285715,1324.3533333333335,1324.035,1324.4866666666667,1324.035
2017-06-04,2316.085714285714,2254.7000000000003,2358.0714285714284,2179.4714285714285,1330.118,1330.384,1330.5,1329.7720000000002
2017-06-11,2779.4,2715.585714285714,2844.7999999999997,2654.9285714285716,1357.4,1357.4,1357.4,1357.4
2017-06-18,2508.442857142857,2572.328571428571,2659.828571428571,2316.585714285714,1337.24,1337.56,1337.56,1337.56
2017-06-25,2606.0285714285715,2609.9857142857145,2694.5142857142855,2521.957142857143,1319.84,1319.84,1319.84,1319.84
2017-07-02,2445.6142857142854,2450.3142857142857,2507.785714285714,2327.6714285714284,1317.72,1318.7400000000002,1318.7400000000002,1316.92
2017-07-09,2542.5,2537.714285714286,2589.871428571429,2473.514285714286,1278.2900000000002,1277.42,1278.1660000000002,1276.678
2017-07-16,2201.7714285714287,2281.857142857143,2324.2000000000003,2123.2000000000003,1290.44,1288.48,1288.48,1288.48
2017-07-23,2555.3857142857146,2439.957142857143,2655.2,2349.342857142857,1315.1200000000001,1315.1200000000001,1315.1200000000001,1315.1200000000001
2017-07-30,2681.2999999999997,2681.6428571428573,2752.371428571428,2567.3857142857146,1329.4600000000003,1329.1,1329.1,1329.1
2017-08-06,2917.6857142857148,2849.1857142857143,2981.7714285714287,2774.6,1341.16,1341.16,1341.16,1341.16
2017-08-13,3588.9142857142856,3471.0000000000005,3661.628571428572,3412.3857142857137,1345.72,1344.6,1344.6,1344.6
2017-08-20,4202.471428571428,4204.557142857143,4341.157142857142,3976.471428571429,1355.02,1355.7999999999997,1357.7599999999998,1355.7999999999997
2017-08-27,4222.257142857143,4186.128571428571,4297.685714285714,4075.899999999999,1361.62,1361.62,1361.62,1361.62
2017-09-03,4613.2,4576.371428571429,4718.085714285715,4421.942857142857,1379.3366666666668,1379.2733333333333,1380.2283333333332,1379.0100000000002
2017-09-10,4376.242857142856,4430.328571428572,4538.928571428572,4146.514285714286,1398.496,1399.1219999999998,1399.7980000000002,1398.2820000000002
2017-09-17,3783.3428571428567,3863.9999999999995,4041.0285714285715,3583.871428571428,1399.3799999999999,1400.3399999999997,1400.3399999999997,1400.3399999999997
2017-09-24,3784.514285714285,3784.9571428571426,3929.7857142857138,3653.471428571428,1377.4599999999998,1377.58,1377.58,1377.58
2017-10-01,4163.671428571429,4056.9285714285716,4216.228571428571,3993.0285714285715,1367.44,1367.14,1367.14,1367.14
2017-10-08,4380.257142857144,4349.8,4453.128571428571,4274.585714285714,1349.6399999999999,1350.54,1350.54,1350.54
2017-10-15,5283.3,5130.400000000001,5391.071428571428,5027.457142857143,1369.4,1369.1,1369.1,1369.1
2017-10-22,5798.657142857142,5761.928571428572,5894.7,5557.057142857143,1364.7199999999998,1365.18,1365.18,1365.18
2017-10-29,5808.942857142857,5783.571428571428,5981.157142857142,5589.214285714285,1352.44,1352.96,1352.96,1352.96
2017-11-05,6908.6,6707.842857142858,7045.0428571428565,6614.314285714286,1351.9,1351.9,1351.9,1351.9
2017-11-12,6755.985714285714,6972.942857142857,7221.714285714285,6559.828571428571,1359.44,1359.44,1359.44,1359.44
2017-11-19,7385.957142857143,7065.185714285714,7530.657142857143,6910.557142857143,1364.14,1364.14,1364.14,1364.14
2017-11-26,8403.342857142856,8226.4,8554.785714285714,8078.557142857144,1352.4119999999998,1352.318,1352.8539999999998,1351.61
2017-12-03,10312.885714285714,10047.685714285715,10811.957142857142,9570.771428571428,1368.8400000000001,1371.96,1371.96,1371.96
2017-12-10,14120.57142857143,13565.714285714286,14710.285714285714,12355.57142857143,1342.08,1341.48,1341.48,1341.48
2017-12-17,17423.571428571428,16856.928571428572,18109.571428571428,16398.14285714286,1330.4,1331.36,1331.36,1329.7599999999998
2017-12-24,15578.828571428572,16360.285714285714,16865.571428571428,14273.028571428571,1350.3799999999999,1349.1599999999999,1349.28,1349.1599999999999
2017-12-31,14212.142857142857,14173.42857142857,15133.57142857143,13091.985714285713,1358.0,1356.7399999999998,1356.86,1356.52
2018-01-07,15521.828571428572,15191.142857142857,15934.285714285714,14418.42857142857,1385.68,1384.1,1384.88,1383.8600000000001
2018-01-14,14149.57142857143,14524.42857142857,14935.114285714286,13324.471428571429,1398.5833333333333,1398.0833333333333,1398.2333333333333,1397.8666666666668
2018-01-21,11784.57142857143,12077.42857142857,12705.42857142857,10870.92857142857,1409.1599999999999,1408.2599999999998,1409.78,1408.2
2018-01-28,11217.142857142857,11167.014285714287,11718.857142857143,10534.157142857144,1447.38,1447.38,1447.38,1447.38
2018-02-04,9595.32857142857,10113.171428571428,10289.757142857143,9091.814285714285,1439.3200000000002,1439.3200000000002,1439.3200000000002,1439.3200000000002
2018-02-11,7965.871428571429,7982.471428571428,8538.042857142858,7307.328571428571,1418.78,1418.78,1418.78,1418.78
2018-02-18,9779.471428571429,9451.728571428572,10031.257142857143,9158.285714285716,1425.5666666666668,1425.4333333333334,1425.8833333333334,1425.4333333333334
2018-02-25,10292.1,10410.857142857143,10844.42857142857,9938.214285714286,1413.4399999999998,1413.9599999999998,1414.6599999999999,1413.36
2018-03-04,10870.857142857143,10598.285714285714,11103.714285714286,10405.414285714285,1420.4199999999998,1420.4199999999998,1420.4199999999998,1420.4199999999998
2018-03-11,9835.128571428571,10124.6,10393.371428571429,9414.028571428571,1427.2,1427.2,1427.2,1427.2
2018-03-18,8428.242857142857,8615.257142857143,8918.414285714285,8009.614285714285,1424.78,1425.1799999999998,1425.1799999999998,1425.1799999999998
2018-03-25,8713.485714285714,8676.82857142857,8943.17142857143,8389.6,1430.34,1430.34,1430.34,1430.34
2018-04-01,7358.4857142857145,7592.642857142857,7758.800000000001,7133.800000000001,1440.9250000000002,1440.9250000000002,1440.9250000000002,1440.9250000000002
2018-04-08,6933.699999999999,6906.5428571428565,7143.671428571429,6716.585714285714,1437.2,1437.2,1437.2,1437.2
2018-04-15,7528.828571428572,7340.314285714287,7710.814285714286,7197.314285714286,1446.8799999999999,1446.8799999999999,1446.8799999999999,1446.8799999999999
2018-04-22,8424.342857142856,8360.271428571428,8579.442857142858,8184.142857142857,1448.08,1451.0,1451.0,1451.0
2018-04-29,9200.871428571429,9106.528571428571,9446.942857142858,8865.228571428572,1424.3200000000002,1424.3200000000002,1424.3200000000002,1424.3200000000002
2018-05-06,9503.800000000001,9467.028571428573,9653.471428571429,9254.3,1411.5800000000002,1411.5800000000002,1411.5800000000002,1411.5800000000002
2018-05-13,8921.47142857143,9059.685714285715,9186.585714285715,8728.814285714285,1416.7,1416.8,1416.8,1416.7599999999998
2018-05-20,8360.171428571428,8384.800000000001,8561.814285714285,8147.414285714287,1396.2199999999998,1399.32,1399.32,1399.32
2018-05-27,7652.885714285714,7824.014285714286,7916.957142857143,7542.457142857143,1379.6833333333332,1379.9333333333332,1379.9499999999998,1379.3166666666666
2018-06-03,7470.842857142858,7418.571428571428,7598.328571428572,7302.7,1374.6200000000001,1375.2400000000002,1375.5,1374.5
2018-06-10,7474.842857142858,7611.52857142857,7680.657142857142,7373.857142857142,1393.5,1393.52,1393.7,1393.52
2018-06-17,6521.814285714286,6569.1285714285705,6695.857142857143,6369.2,1390.54,1390.54,1390.54,1390.54
2018-06-24,6466.171428571428,6507.9857142857145,6642.757142857142,6284.414285714286,1365.98,1368.58,1368.58,1368.58
2018-07-01,6179.642857142857,6150.185714285713,6311.871428571429,6027.157142857142,1347.76,1346.58,1346.58,1346.58
2018-07-08,6611.757142857142,6604.242857142856,6724.942857142857,6501.957142857143,1324.4,1324.02,1325.2600000000002,1323.8400000000001
2018-07-15,6344.614285714285,6394.257142857142,6474.942857142858,6257.128571428572,1338.2,1337.8,1337.8,1337.8
2018-07-22,7291.257142857144,7141.685714285714,7438.714285714285,7052.457142857143,1316.8600000000001,1316.26,1316.26,1316.26
2018-07-29,8126.057142857143,8004.728571428573,8274.328571428572,7860.171428571429,1311.74,1311.12,1311.12,1311.12
2018-08-05,7501.885714285714,7671.671428571428,7718.471428571428,7363.428571428571,1303.42,1303.5,1305.86,1302.5
2018-08-12,6451.928571428572,6554.385714285714,6740.657142857142,6290.142857142857,1295.0,1296.8400000000001,1297.28,1296.0
2018-08-19,6354.942857142857,6329.314285714286,6519.714285714285,6189.571428571429,1265.1599999999999,1265.8799999999999,1265.8799999999999,1265.8799999999999
2018-08-26,6536.328571428572,6505.685714285714,6682.728571428571,6397.914285714286,1273.26,1273.8600000000001,1273.8600000000001,1273.46
2018-09-02,7077.628571428571,6991.685714285714,7134.828571428572,6900.885714285714,1269.3999999999999,1269.6166666666666,1269.6833333333332,1269.3333333333333
2018-09-09,6668.857142857143,6820.0,6901.157142857142,6578.842857142858,1259.3799999999999,1257.8,1259.9,1257.08
2018-09-16,6414.785714285715,6383.557142857143,6474.1,6308.871428571429,1276.94,1274.0800000000002,1274.3600000000001,1274.06
2018-09-23,6526.300000000001,6501.1,6626.657142857143,6386.857142857143,1278.8600000000001,1278.8600000000001,1278.8600000000001,1278.8600000000001
2018-09-30,6576.057142857142,6585.228571428571,6671.342857142857,6468.028571428572,1271.18,1271.48,1271.48,1271.48
2018-10-07,6579.457142857143,6584.671428571429,6634.185714285713,6515.400000000001,1275.5,1275.5,1275.5,1275.5
2018-10-14,6453.328571428572,6492.571428571428,6537.942857142857,6396.857142857143,1279.0,1272.78,1272.78,1272.78
2018-10-21,6650.257142857142,6608.828571428572,6865.971428571428,6548.842857142858,1304.4,1304.4,1304.4,1304.4
2018-10-28,6531.599999999999,6546.471428571429,6579.028571428572,6509.785714285716,1306.74,1306.74,1306.74,1306.74
2018-11-04,6391.742857142856,6395.814285714286,6444.428571428572,6331.742857142856,1301.54,1301.68,1301.68,1301.68
2018-11-11,6476.9857142857145,6483.885714285714,6518.157142857142,6435.357142857143,1298.22,1298.22,1298.22,1298.22
2018-11-18,5927.9857142857145,6047.714285714284,6074.957142857143,5816.914285714286,1283.4399999999998,1283.4399999999998,1283.4399999999998,1283.4399999999998
2018-11-25,4433.928571428572,4652.657142857142,4771.0,4253.728571428572,1283.1599999999999,1282.8400000000001,1283.5,1282.6599999999999
2018-12-02,4114.657142857143,4114.771428571429,4299.885714285714,3937.714285714286,1293.68,1293.0800000000002,1293.0800000000002,1293.0800000000002
2018-12-09,3683.6142857142854,3760.5714285714284,3913.4142857142856,3564.3857142857146,1311.8600000000001,1312.6,1312.6,1311.72
2018-12-16,3388.285714285714,3436.3857142857146,3498.957142857143,3331.085714285714,1312.74,1312.74,1312.74,1312.74
2018-12-23,3945.214285714286,3834.3571428571427,4064.214285714286,3750.3857142857146,1322.6799999999998,1322.6799999999998,1322.6799999999998,1322.6799999999998
2018-12-30,3943.057142857143,3955.9714285714285,4096.942857142857,3827.2428571428572,1328.17,1329.46,1329.8700000000001,1329.09
2019-01-06,3971.8,3944.4714285714285,4045.9000000000005,3859.6571428571433,1338.15,1338.5800000000002,1338.59,1338.21
2019-01-13,3859.857142857142,3942.242857142857,3990.4000000000005,3824.128571428572,1354.4,1354.4,1354.4,1354.4
2019-01-20,3688.828571428571,3689.6428571428564,3774.514285714286,3619.2000000000003,1343.0416666666667,1342.9166666666667,1343.15,1342.7833333333335
2019-01-27,3621.1,3620.2000000000003,3669.9714285714285,3567.1857142857143,1337.1299999999999,1336.9100000000003,1337.1100000000001,1335.75
2019-02-03,3516.1,3529.7000000000003,3560.5,3463.871428571428,1377.28,1377.92,1377.92,1377.92
2019-02-10,3582.842857142857,3548.6428571428564,3616.442857142857,3511.6857142857143,1376.4199999999998,1376.4199999999998,1376.4199999999998,1376.4199999999998
2019-02-17,3682.714285714286,3684.7999999999997,3732.0285714285715,3655.4571428571435,1366.2749999999999,1366.3416666666665,1366.3916666666667,1366.2083333333333
2019-02-24,4019.1142857142854,4005.1,4129.242857142856,3918.5142857142855,1383.9699999999998,1383.09,1384.3700000000001,1383.03
2019-03-03,3903.871428571428,3894.7428571428572,3945.3142857142857,3848.1571428571433,1378.2,1377.94,1377.94,1377.94
2019-03-10,3946.5,3930.0571428571425,3990.4428571428575,3880.1142857142854,1347.94,1347.94,1347.94,1347.94
2019-03-17,3994.1857142857143,3984.4571428571426,4030.414285714286,3945.185714285714,1357.64,1357.64,1357.64,1357.64
2019-03-24,4071.4428571428575,4075.3571428571427,4102.414285714285,4036.628571428571,1363.48,1363.26,1363.26,1363.26
2019-03-31,4095.5,4077.657142857143,4119.671428571429,4041.585714285714,1359.92,1362.6599999999999,1362.6599999999999,1361.5
2019-04-07,4921.400000000001,4768.771428571427,5064.757142857144,4710.457142857143,1343.8600000000001,1343.24,1343.7199999999998,1343.24
2019-04-14,5188.057142857143,5193.8,5286.614285714286,5085.471428571428,1352.7800000000002,1355.42,1355.42,1355.42
2019-04-21,5260.671428571428,5240.957142857143,5316.642857142857,5183.285714285715,1320.58,1320.78,1320.78,1320.7599999999998
2019-04-28,5423.914285714286,5398.842857142858,5544.7,5297.428571428572,1330.3200000000002,1330.3200000000002,1330.3200000000002,1330.3200000000002
2019-05-05,5798.471428571429,5720.5142857142855,5851.857142857143,5652.8,1331.08,1331.24,1331.24,1331.24
2019-05-12,6447.171428571428,6313.457142857143,6595.428571428572,6233.585714285714,1334.7,1336.02,1336.02,1336.02
2019-05-19,7795.185714285714,7622.371428571429,8062.657142857143,7383.671428571428,1338.7400000000002,1338.7400000000002,1338.7400000000002,1338.7400000000002
2019-05-26,8027.885714285715,7949.900000000001,8196.985714285714,7722.442857142857,1318.6083333333333,1317.8999999999999,1318.0583333333334,1317.8083333333334
2019-06-02,8616.857142857143,8614.671428571428,8811.8,8404.771428571428,1326.73,1321.9899999999998,1323.49,1321.7899999999997
2019-06-09,7849.485714285714,8004.314285714286,8111.285714285715,7673.171428571428,1379.9199999999998,1371.6200000000001,1371.6200000000001,1368.8400000000001
2019-06-16,8407.385714285714,8213.4,8525.085714285715,8096.157142857143,1381.78,1377.66,1377.74,1373.5800000000002
2019-06-23,9887.828571428572,9609.671428571428,10092.642857142857,9495.199999999999,1409.6,1400.92,1406.6999999999998,1395.7
2019-06-30,11699.285714285714,11730.242857142857,12412.1,10933.485714285713,1454.36,1447.56,1452.8799999999999,1443.6799999999998
2019-07-07,11203.57142857143,11102.828571428572,11575.357142857143,10672.957142857142,1441.39,1437.47,1439.55,1431.15
2019-07-14,11652.971428571429,11838.785714285714,12221.57142857143,11160.142857142857,1450.56,1446.06,1447.2599999999998,1446.06
2019-07-21,10337.657142857142,10285.457142857145,10771.728571428572,9784.985714285713,1466.1200000000001,1461.68,1469.78,1456.3200000000002
2019-07-28,9810.314285714285,9960.628571428573,10112.414285714285,9611.42857142857,1467.6999999999998,1463.4599999999998,1464.2400000000002,1461.6599999999999
2019-08-04,10271.0,10065.771428571428,10377.614285714286,9959.942857142858,1475.98,1463.6399999999999,1473.1000000000001,1460.6200000000001
2019-08-11,11732.742857142857,11645.714285714286,12026.1,11332.714285714286,1532.28,1516.2000000000003,1529.94,1512.8400000000001
2019-08-18,10517.57142857143,10697.857142857143,10858.542857142858,10207.0,1555.7199999999998,1548.22,1558.7599999999998,1533.88
2019-08-25,10383.57142857143,10415.857142857143,10607.857142857143,10054.585714285715,1550.2999999999997,1536.02,1545.5000000000002,1532.34
2019-09-01,9828.77142857143,9881.642857142857,10050.642857142857,9649.014285714284,1567.7583333333332,1565.7083333333333,1571.7333333333333,1558.6083333333333
2019-09-08,10488.242857142857,10399.414285714285,10693.742857142857,10246.985714285713,1565.1100000000001,1562.79,1571.73,1549.09
2019-09-15,10306.0,10319.457142857142,10440.142857142857,10103.557142857142,1539.84,1534.92,1543.1200000000001,1528.7600000000002
2019-09-22,10179.728571428572,10217.442857142858,10292.285714285714,9997.357142857143,1549.7399999999998,1537.3799999999999,1546.3400000000001,1534.44
2019-09-29,8481.542857142858,8761.042857142855,8862.342857142856,8241.242857142857,1559.2400000000002,1553.18,1558.56,1542.8600000000001
2019-10-06,8221.842857142858,8251.842857142858,8348.8,8023.185714285713,1539.6200000000001,1525.3,1536.48,1514.8799999999999
2019-10-13,8363.671428571428,8304.285714285714,8545.471428571427,8178.728571428573,1541.96,1536.9,1540.9,1522.76
2019-10-20,8130.0142857142855,8136.385714285715,8256.142857142857,7996.0,1534.88,1522.6799999999998,1526.08,1517.36
2019-10-27,8395.9,8207.628571428571,8769.528571428571,8020.414285714286,1537.82,1527.46,1532.28,1524.56
2019-11-03,9269.242857142857,9319.914285714287,9510.857142857143,9111.014285714284,1544.58,1533.22,1538.54,1529.1399999999999
2019-11-10,9144.985714285714,9167.228571428572,9326.957142857143,8986.357142857143,1528.4600000000003,1522.56,1523.06,1519.46
2019-11-17,8654.442857142858,8730.285714285716,8811.371428571429,8550.3,1508.3,1492.6200000000003,1497.0400000000002,1488.14
2019-11-24,7688.971428571429,7913.0428571428565,7958.557142857143,7521.2,1513.9600000000003,1503.7199999999998,1506.3,1496.8600000000001
2019-12-01,7460.428571428572,7390.099999999999,7648.0428571428565,7172.757142857142,1495.59,1483.1299999999999,1486.83,1479.01
2019-12-08,7437.228571428571,7420.614285714284,7609.285714285715,7304.142857142857,1514.94,1504.8799999999999,1508.98,1500.6
2019-12-15,7232.214285714285,7290.214285714285,7370.9857142857145,7160.614285714285,1513.3799999999999,1497.6,1503.6200000000001,1492.7400000000002
2019-12-22,7144.342857142858,7090.628571428572,7294.285714285715,6930.6285714285705,1523.48,1507.76,1510.82,1505.98
2019-12-29,7302.300000000001,7319.614285714285,7450.457142857143,7215.171428571429,1540.1699999999998,1523.72,1527.7199999999998,1523.13
2020-01-05,7253.314285714287,7260.914285714287,7374.014285714286,7150.028571428572,1563.8699999999997,1550.23,1555.2099999999998,1548.83
2020-01-12,8018.142857142857,7904.928571428572,8155.457142857143,7766.242857142856,1607.38,1596.8,1606.1,1591.9599999999998
2020-01-19,8694.185714285715,8619.271428571428,8838.514285714286,8459.57142857143,1588.5416666666663,1577.3666666666668,1579.8249999999998,1572.4416666666668
2020-01-26,8551.728571428572,8563.1,8654.871428571429,8391.514285714286,1597.1299999999999,1583.06,1589.24,1580.8700000000001
2020-02-02,9321.957142857143,9217.442857142858,9414.871428571429,9090.400000000001,1620.3799999999999,1603.8600000000001,1611.16,1599.24
2020-02-09,9671.0,9557.042857142858,9788.228571428572,9473.028571428573,1608.1,1591.88,1597.2000000000003,1584.5400000000002
2020-02-16,10117.699999999999,10149.671428571428,10318.285714285714,9904.07142857143,1610.6916666666666,1599.7666666666667,1601.7083333333333,1598.2583333333332
2020-02-23,9776.028571428573,9767.585714285715,9959.271428571428,9519.057142857142,1644.3899999999999,1631.3899999999999,1638.9299999999998,1629.81
2020-03-01,8927.3,9130.57142857143,9224.814285714287,8773.699999999999,1670.22,1668.0400000000002,1674.1599999999999,1666.2400000000002
2020-03-08,8826.028571428573,8895.014285714284,9048.785714285714,8669.814285714285,1667.92,1644.98,1665.44,1642.48
2020-03-15,6429.214285714284,6806.357142857143,7148.557142857142,5994.171428571428,1633.02,1660.22,1660.2599999999998,1619.7800000000002
2020-03-22,5746.842857142858,5684.8,6082.857142857143,5294.614285714285,1506.86,1504.5000000000002,1521.7800000000002,1491.26
2020-03-29,6457.714285714287,6447.828571428572,6678.657142857142,6186.771428571427,1645.1599999999999,1616.3,1640.86,1610.8400000000001
2020-04-05,6675.571428571428,6549.614285714285,6873.5142857142855,6425.742857142858,1628.48,1628.4,1630.9,1625.66
2020-04-12,7126.071428571428,7106.142857142857,7292.171428571428,6924.957142857143,1712.64,1710.4599999999998,1711.1200000000001,1710.4599999999998
2020-04-19,6988.285714285715,6956.7,7112.028571428571,6796.871428571429,1746.2600000000002,1751.3200000000002,1756.8200000000002,1745.9399999999998
2020-04-26,7294.642857142857,7213.928571428572,7444.371428571429,7110.971428571429,1731.9,1731.8799999999999,1733.7,1720.56
2020-05-03,8521.014285714287,8348.014285714284,8739.871428571429,8219.485714285713,1725.1199999999997,1726.52,1732.72,1718.72
2020-05-10,9297.157142857142,9323.442857142858,9574.485714285713,8942.057142857144,1740.5,1729.9999999999995,1733.44,1726.1599999999999
2020-05-17,9262.699999999999,9128.1,9534.0,8928.07142857143,1754.8400000000001,1742.6600000000003,1749.52,1739.7000000000003
2020-05-24,9299.271428571428,9435.942857142858,9583.5,9111.885714285714,1765.7249999999997,1775.4416666666668,1776.7166666666665,1769.8166666666666
2020-05-31,9304.542857142858,9198.742857142857,9413.771428571428,9052.999999999998,1748.7599999999998,1743.0900000000001,1750.31,1740.33
2020-06-07,9749.842857142856,9707.800000000001,9943.842857142856,9438.8,1748.2800000000002,1759.8600000000001,1760.9,1745.4
2020-06-14,9574.214285714286,9631.942857142856,9740.128571428571,9413.142857142857,1757.28,1764.0,1764.9599999999998,1758.1200000000001
2020-06-21,9403.785714285714,9410.614285714286,9490.614285714286,9223.42857142857,1767.6200000000001,1770.1,1774.08,1764.4599999999998
2020-06-28,9316.871428571429,9341.199999999999,9462.57142857143,9139.385714285714,1804.2399999999998,1798.94,1804.3799999999999,1798.1200000000001
2020-07-05,9142.314285714285,9147.757142857143,9214.857142857143,9041.42857142857,1814.64,1809.86,1819.9,1807.5100000000002
2020-07-12,9313.17142857143,9280.871428571429,9368.128571428571,9199.571428571428,1851.9599999999998,1847.42,1855.08,1846.9399999999998
2020-07-19,9209.0,9221.085714285715,9242.557142857144,9160.414285714285,1858.4,1853.2400000000002,1858.4599999999998,1851.5400000000002
2020-07-26,9568.042857142858,9465.585714285715,9602.757142857143,9420.42857142857,1915.28,1900.8400000000001,1916.78,1899.94
2020-08-02,11203.5,11045.285714285714,11425.800000000001,10854.07142857143,2001.48,1999.02,2020.8,1985.42
2020-08-09,11560.714285714286,11471.871428571429,11675.514285714287,11375.214285714286,2063.32,2065.6400000000003,2088.68,2048.6
2020-08-16,11744.957142857142,11709.057142857142,11863.699999999999,11548.528571428571,2000.02,2010.1999999999996,2023.98,1974.8200000000002
2020-08-23,11828.971428571429,11866.4,11992.9,11671.128571428571,1997.8799999999999,1996.0,2009.5399999999997,1972.52
2020-08-30,11527.128571428571,11517.585714285715,11628.699999999999,11385.442857142858,1965.64,1961.44,1972.1,1946.8
2020-09-06,10878.385714285714,11086.07142857143,11222.385714285714,10705.471428571429,1968.6416666666664,1977.75,1981.3999999999996,1964.7749999999999
2020-09-13,10333.685714285715,10325.828571428572,10421.92857142857,10151.014285714287,1964.48,1958.7,1970.8199999999997,1950.31
2020-09-20,10914.857142857143,10829.214285714286,11004.757142857143,10742.57142857143,1982.44,1978.86,1987.92,1975.5400000000002
2020-09-27,10608.714285714286,10627.642857142857,10746.842857142858,10482.957142857142,1904.8399999999997,1921.14,1924.3400000000001,1894.0
2020-10-04,10689.657142857144,10706.371428571429,10785.442857142858,10602.228571428572,1919.94,1912.72,1922.9600000000003,1905.42
2020-10-11,10973.528571428571,10873.814285714285,11032.342857142856,10811.300000000001,1928.7,1920.4,1932.6,1911.2
2020-10-18,11452.714285714286,11433.714285714286,11535.985714285713,11331.1,1931.2599999999998,1935.6,1938.8600000000001,1927.58
2020-10-25,12657.0,12437.271428571428,12776.285714285714,12355.614285714286,1934.3400000000001,1931.3399999999997,1938.8,1924.22
2020-11-01,13503.185714285715,13400.471428571429,13665.114285714286,13220.957142857142,1909.6200000000001,1912.7,1916.5400000000002,1903.86
2020-11-08,14748.4,14498.114285714286,14946.814285714285,14233.871428571429,1939.8,1927.2,1943.48,1924.8
2020-11-15,15853.642857142857,15787.885714285714,16014.942857142858,15570.242857142857,1890.4599999999998,1910.8199999999997,1919.6200000000001,1883.7599999999998
2020-11-22,17956.557142857142,17608.442857142858,18175.97142857143,17407.22857142857,1892.7400000000002,1891.5600000000002,1895.2,1888.0400000000002
2020-11-29,18081.157142857144,18108.685714285715,18519.285714285714,17575.442857142854,1819.9199999999996,1837.5900000000001,1842.7800000000002,1814.7199999999998
2020-12-06,19200.714285714286,19029.285714285714,19472.85714285714,18684.285714285714,1830.8799999999999,1820.48,1837.2599999999998,1813.1
2020-12-13,18627.37142857143,18661.571428571428,18902.585714285717,18262.485714285714,1861.44,1861.3,1873.3400000000001,1846.02
2020-12-20,21889.514285714286,21282.942857142858,22134.571428571428,21108.957142857143,1874.4800000000002,1867.8799999999999,1880.9,1862.6600000000003
2020-12-27,24406.428571428572,24006.100000000002,24957.442857142858,23578.242857142857,1888.225,1894.475,1900.55,1876.775
2021-01-03,29526.85714285714,28565.285714285714,29938.14285714286,28296.0,1899.1200000000001,1900.42,1907.1,1894.4
2021-01-10,37297.71428571428,36545.57142857143,38242.47142857143,34991.15714285714,1922.3200000000002,1940.2599999999998,1951.0400000000002,1911.94
2021-01-17,36403.28571428572,36728.71428571428,37861.22857142857,34400.28571428572,1848.2250000000001,1853.7333333333333,1860.7,1833.05
2021-01-24,33787.15714285714,34294.57142857143,35126.71428571428,32491.285714285714,1859.8399999999997,1848.7499999999995,1864.83,1834.7699999999998
2021-01-31,32903.97142857143,32784.44285714286,34363.728571428575,31676.242857142857,1855.6,1857.08,1870.7599999999998,1848.8200000000002
2021-02-07,37161.71428571428,36347.42857142857,37813.72857142857,35902.57142857143,1831.6599999999999,1843.08,1849.86,1823.3200000000002
2021-02-14,46982.857142857145,45590.57142857143,47891.28571428572,44849.71428571428,1835.0249999999999,1831.325,1844.95,1825.9583333333333
2021-02-21,52836.142857142855,51580.57142857143,53518.21428571428,50955.41428571429,1792.4900000000002,1799.08,1808.6,1784.06
2021-02-28,48237.28571428572,49962.42857142857,50912.200000000004,46138.07142857143,1788.2599999999998,1799.48,1806.3,1772.9399999999998
2021-03-07,49375.45714285714,48556.71428571428,50295.614285714284,47487.28571428572,1719.5399999999997,1721.4399999999998,1734.9,1704.3
2021-03-14,56956.514285714286,55815.17142857143,57548.91428571429,54598.24285714286,1716.56,1714.8799999999999,1728.3200000000002,1700.22
2021-03-21,57515.28571428572,57749.142857142855,58945.08571428571,56164.71428571428,1736.48,1737.28,1748.6200000000001,1727.42
2021-03-28,54109.58571428572,54337.442857142865,55870.82857142857,53094.485714285714,1734.94,1737.3400000000001,1744.22,1727.02
2021-04-04,58322.67142857142,57970.24285714286,59101.41428571429,57318.77142857143,1713.05,1712.4499999999998,1725.85,1694.075
2021-04-11,58454.08571428571,58197.68571428571,59299.71428571428,57418.71428571428,1745.28,1741.4599999999998,1750.3199999999997,1731.4
2021-04-18,61002.1,61550.114285714284,62587.385714285716,59818.97142857143,1754.6600000000003,1746.6600000000003,1762.0600000000002,1738.0600000000002
2021-04-25,52591.514285714286,53599.614285714284,54187.32857142857,51659.35714285714,1782.44,1783.3399999999997,1794.5,1772.8799999999999
2021-05-02,55655.57142857143,54587.24285714286,56220.0,53784.71428571428,1775.9399999999998,1778.92,1784.78,1766.7399999999998
2021-05-09,56979.71428571428,56699.0,58219.642857142855,55518.0,1802.02,1790.5399999999997,1811.9199999999996,1782.2800000000002
2021-05-16,50760.40000000001,52430.84285714286,53739.21428571428,49928.07142857143,1833.7599999999998,1831.9599999999998,1843.8200000000002,1819.92
2021-05-23,39077.47142857143,40764.72857142857,42164.71428571428,37054.08571428571,1877.1799999999998,1867.48,1884.3199999999997,1860.36
2021-05-30,37246.271428571425,37126.985714285714,38730.42857142857,35611.57142857143,1900.2583333333332,1896.3500000000001,1905.4166666666663,1887.9166666666667
2021-06-06,36993.65714285714,36968.37142857143,37904.15714285714,35906.04285714286,1898.27,1899.9600000000003,1911.14,1883.61
2021-06-13,36125.74285714286,35665.45714285714,37081.02857142857,34412.37142857143,1892.94,1896.7199999999998,1904.14,1881.3200000000002
2021-06-20,37721.54285714286,38204.68571428571,38774.54285714286,37039.81428571429,1825.5,1838.92,1848.1799999999998,1806.44
2021-06-27,33047.65714285714,33178.328571428574,34322.17142857143,31537.0,1779.64,1776.1,1790.44,1770.9399999999998
2021-07-04,34691.54285714286,34714.97142857143,35295.92857142857,33945.9,1777.0666666666666,1776.5,1784.55,1766.6333333333332
2021-07-11,33725.985714285714,33892.55714285714,34573.114285714284,33135.885714285716,1799.6799999999998,1795.6,1810.61,1790.73
2021-07-18,32186.942857142858,32534.22857142857,32990.857142857145,31583.257142857143,1816.9599999999998,1816.58,1825.5600000000002,1804.94
2021-07-25,32566.17142857143,32165.028571428575,33073.0,31499.285714285714,1806.2399999999998,1809.4600000000003,1815.4800000000002,1795.1
2021-08-01,40057.71428571428,39413.91428571429,41241.94285714285,38405.142857142855,1812.1599999999999,1810.0400000000002,1821.6799999999998,1802.5
2021-08-08,41313.28571428572,40763.42857142857,42109.17142857143,39576.857142857145,1804.5600000000002,1813.8200000000002,1820.44,1797.0400000000002
2021-08-15,46261.57142857143,45795.42857142857,47051.02857142857,44635.857142857145,1748.3,1746.9399999999998,1760.6599999999999,1723.3200000000002
2021-08-22,47087.28571428572,46768.28571428572,48130.97142857143,45929.857142857145,1785.8200000000002,1786.02,1794.1199999999997,1777.5
2021-08-29,48552.014285714286,48618.299999999996,49587.32857142857,47542.37142857142,1804.1,1796.42,1809.78,1786.22
2021-09-05,49137.28571428572,48714.142857142855,50012.1,48020.28571428572,1820.2583333333332,1818.4000000000003,1826.6833333333334,1811.8416666666665
2021-09-12,46860.142857142855,47673.42857142857,48536.200000000004,45472.15714285714,1801.95,1809.33,1815.5900000000001,1794.7500000000005
2021-09-19,47257.142857142855,47090.57142857143,48051.857142857145,46106.71428571428,1780.8799999999999,1788.2599999999998,1796.8799999999999,1769.86
2021-09-26,42985.65714285714,43557.58571428571,44568.18571428571,41331.857142857145,1764.4600000000003,1761.52,1774.94,1748.58
2021-10-03,44673.0,43954.642857142855,45685.71428571428,43315.57142857143,1745.56,1743.8,1758.28,1733.0600000000002
2021-10-10,53355.42857142857,52430.0,54330.68571428571,51634.42857142857,1761.3799999999999,1762.94,1771.72,1749.4600000000003
2021-10-17,58893.92857142857,57916.92857142857,59791.5,56536.71428571428,1775.1799999999998,1772.4599999999998,1785.6200000000001,1762.2
2021-10-24,62473.71428571428,62571.28571428572,63937.0,60909.87142857142,1779.86,1773.5800000000004,1790.7800000000002,1770.2
2021-10-31,61120.68571428571,61051.54285714286,62651.67142857143,59594.27142857143,1797.1,1799.6199999999997,1807.58,1785.1599999999999
2021-11-07,62039.18571428571,61763.45714285714,62974.94285714285,60551.41428571429,1791.8799999999999,1786.3600000000001,1801.0,1776.14
2021-11-14,65464.142857142855,65145.44285714285,66630.17142857143,63731.15714285714,1847.9,1839.56,1854.7599999999998,1830.08
2021-11-21,59677.87142857142,60620.58571428571,61426.57142857143,58409.385714285716,1860.78,1863.8799999999999,1872.9,1852.2800000000002
2021-11-28,56617.333333333336,57563.666666666664,58345.06666666667,55705.333333333336,1790.8333333333333,1815.6666666666667,1819.7166666666665,1787.4000000000003
