Date,Bitcoin Price,Bitcoin Open,Bitcoin High,Bitcoin Low,Gold Price,Gold Open,Gold High,Gold Low
05/02/2012,5.925,5.925,5.925,5.925,1747.35,1751.9,1761.2,1733.7
12/02/2012,5.642857143,5.642857143,5.642857143,5.642857143,1732.16,1731.62,1744.38,1717.44
19/02/2012,4.485714286,4.485714286,4.485714286,4.485714286,1723.3,1724.12,1731.68,1716.56
26/02/2012,4.685714286,4.685714286,4.685714286,4.685714286,1771.775,1761.825,1777.15,1756.975
04/03/2012,4.828571429,4.828571429,4.828571429,4.828571429,1740.08,1750.6,1760.6,1721.76
11/03/2012,4.914285714,4.914285714,4.914285714,4.914285714,1693.34,1695.08,1702.12,1680.32
18/03/2012,5.242857143,5.242857143,5.242857143,5.242857143,1670,1677.94,1682.88,1659.74
25/03/2012,4.714285714,4.714285714,4.714285714,4.714285714,1653.64,1653.52,1658.96,1644.06
01/04/2012,4.8,4.8,4.8,4.8,1669.94,1669.06,1677.66,1662.1
08/04/2012,4.871428571,4.871428571,4.871428571,4.871428571,1647.075,1653.825,1660.625,1633.525
15/04/2012,4.914285714,4.914285714,4.914285714,4.914285714,1659.92,1656.48,1664.54,1645.48
22/04/2012,5.128571429,5.128571429,5.128571429,5.128571429,1644.1,1647.96,1652.36,1637.84
29/04/2012,5.042857143,5.042857143,5.042857143,5.042857143,1647.98,1646.18,1652.08,1639.74
06/05/2012,5.057142857,5.057142857,5.057142857,5.057142857,1651.48,1654.82,1658.64,1644.74
13/05/2012,4.971428571,4.971428571,4.971428571,4.971428571,1603,1610.04,1611.2,1598.68
20/05/2012,5.071428571,5.071428571,5.071428571,5.071428571,1563.94,1556.08,1566.52,1548.3
27/05/2012,5.114285714,5.114285714,5.114285714,5.114285714,1567.78,1564.6,1572.16,1560.7
03/06/2012,5.2,5.2,5.2,5.2,1573.775,1562.825,1588.525,1550.6
10/06/2012,5.5,5.5,5.5,5.5,1607.38,1614.9,1622.28,1597.36
17/06/2012,6.028571429,6.028571429,6.028571429,6.028571429,1614.34,1611.16,1619.92,1602.26
24/06/2012,6.5,6.5,6.5,6.5,1598.64,1607.88,1609.84,1592.22
01/07/2012,6.571428571,6.571428571,6.571428571,6.571428571,1578.44,1572.34,1583.3,1562.4
08/07/2012,6.671428571,6.671428571,6.671428571,6.671428571,1601.45,1602.925,1608.825,1594.625
15/07/2012,7.428571429,7.428571429,7.428571429,7.428571429,1579.92,1579.16,1586.04,1569.76
22/07/2012,8.728571429,8.728571429,8.728571429,8.728571429,1582.66,1585.46,1588.14,1577.3
29/07/2012,8.742857143,8.742857143,8.742857143,8.742857143,1598.8,1591.54,1597.22,1590.92
05/08/2012,10.21428571,10.21428571,10.21428571,10.21428571,1605.46,1609.34,1618.32,1596.66
12/08/2012,11.24285714,11.24285714,11.24285714,11.24285714,1614.46,1610.86,1617.16,1606.06
19/08/2012,11.74285714,11.74285714,11.74285714,11.74285714,1609.02,1609.32,1615.48,1600.42
26/08/2012,10.22857143,10.22857143,10.22857143,10.22857143,1647.36,1639.62,1651.16,1637.36
02/09/2012,10.55714286,10.55714286,10.55714286,10.55714286,1667.36,1663.2,1673.14,1657.04
09/09/2012,10.87142857,10.87142857,10.87142857,10.87142857,1705.95,1693.15,1710.475,1692.8
16/09/2012,11.52857143,11.52857143,11.52857143,11.52857143,1746,1742.2,1750.76,1737.64
23/09/2012,12.27142857,12.27142857,12.27142857,12.27142857,1769.66,1774.3,1775.26,1764.02
30/09/2012,12.3,12.3,12.3,12.3,1765.04,1765.38,1772.28,1758.1
07/10/2012,12.57142857,12.57142857,12.57142857,12.57142857,1780.64,1778.36,1787.44,1773.68
14/10/2012,11.91428571,11.91428571,11.91428571,11.91428571,1765.3,1769.64,1771.88,1760.48
21/10/2012,11.77142857,11.77142857,11.77142857,11.77142857,1739.66,1745.26,1747.06,1734.8
28/10/2012,11,11,11,11,1711.36,1713.56,1719.64,1707.96
04/11/2012,10.74285714,10.74285714,10.74285714,10.74285714,1704.78,1713.82,1717.46,1703.92
11/11/2012,10.87142857,10.87142857,10.87142857,10.87142857,1713.04,1706.04,1718.26,1701.98
18/11/2012,11.31428571,11.31428571,11.31428571,11.31428571,1722.32,1722.34,1725.9,1717.38
25/11/2012,12.12857143,12.12857143,12.12857143,12.12857143,1734.1,1728.3,1730.725,1726.275
02/12/2012,12.42857143,12.42857143,12.42857143,12.42857143,1729.26,1736.26,1739.38,1727.4
09/12/2012,13.3,13.3,13.3,13.3,1702.14,1704.76,1710.26,1692.3
16/12/2012,13.54285714,13.54285714,13.54285714,13.54285714,1705.84,1705.96,1711.96,1700.48
23/12/2012,13.41428571,13.41428571,13.41428571,13.41428571,1667.4,1676.62,1681,1657.7
30/12/2012,13.41428571,13.41428571,13.41428571,13.41428571,1658.975,1658.1,1664.15,1654.825
06/01/2013,13.4,13.4,13.4,13.4,1671.125,1665.325,1679,1653.275
13/01/2013,13.94285714,13.94285714,13.94285714,13.94285714,1659.82,1661.68,1665.68,1653.88
20/01/2013,15.11428571,15.11428571,15.11428571,15.11428571,1682.4,1675.04,1685.04,1673.68
27/01/2013,17.37142857,17.37142857,17.37142857,17.37142857,1676.25,1681.35,1683.275,1674.55
03/02/2013,19.85714286,19.85714286,19.85714286,19.85714286,1664.6,1662.9,1672.28,1658.28
10/02/2013,22.08571429,22.08571429,22.08571429,22.08571429,1672.36,1672.58,1678.6,1664.8
17/02/2013,26.04285714,26.04285714,26.04285714,26.04285714,1636.92,1647.36,1650.3,1631.7
24/02/2013,29.4,29.4,29.4,29.4,1582.95,1590.8,1597.625,1572.075
03/03/2013,32.72857143,32.72857143,32.72857143,32.72857143,1589.24,1592.22,1601,1579.92
10/03/2013,42.35714286,42.35714286,42.35714286,42.35714286,1574.54,1578.92,1582.72,1568.72
17/03/2013,46.88571429,46.88571429,46.88571429,46.88571429,1588.14,1584.86,1590.72,1581.34
24/03/2013,64.52857143,64.52857143,64.52857143,64.52857143,1608.68,1610.56,1611.56,1607.36
31/03/2013,86.12857143,86.12857143,86.12857143,86.12857143,1600.35,1601.525,1604.575,1593.95
07/04/2013,133.7571429,133.7571429,133.7571429,133.7571429,1571.02,1576.44,1583.48,1561.46
14/04/2013,143.9142857,143.9142857,143.9142857,143.9142857,1556.36,1569.94,1576.68,1545.92
21/04/2013,102.4571429,102.4571429,102.4571429,102.4571429,1383.38,1395.24,1419.86,1354.76
28/04/2013,138.0142857,138.0142857,138.0142857,138.0142857,1433.68,1431.98,1446.56,1423.48
05/05/2013,118.9857143,118.9857143,118.9857143,118.9857143,1463.58,1466.82,1477.5,1455.64
12/05/2013,113.7142857,113.7142857,113.7142857,113.7142857,1459.32,1462.48,1470.16,1446.94
19/05/2013,118.7142857,118.7142857,118.7142857,118.7142857,1401.54,1414.58,1419.38,1393.92
26/05/2013,127.6571429,127.6571429,127.6571429,127.6571429,1381.7,1376.8,1392.3,1366.1
02/06/2013,128.6428571,128.6428571,128.6428571,128.6428571,1394.09,1392.51,1403.71,1385.55
09/06/2013,114.6142857,114.6142857,114.6142857,114.6142857,1401.18,1402.14,1415.9,1388.48
16/06/2013,103.9571429,103.9571429,103.9571429,103.9571429,1383.98,1381.74,1389.06,1373.3
23/06/2013,107.7714286,107.7714286,107.7714286,107.7714286,1340.1,1354,1358.96,1327.08
30/06/2013,99.75714286,99.75714286,99.75714286,99.75714286,1243.28,1255.62,1266.22,1231.84
07/07/2013,76.07142857,76.07142857,76.07142857,76.07142857,1242.31,1247.97,1259.15,1233.81
14/07/2013,84.97142857,84.97142857,84.97142857,84.97142857,1257.22,1253,1264.18,1249.32
21/07/2013,88.38571429,88.38571429,88.38571429,88.38571429,1286.08,1284.94,1292.48,1279.82
28/07/2013,88.81428571,88.81428571,88.81428571,88.81428571,1328.38,1327.8,1336.58,1320.88
04/08/2013,96.34285714,96.34285714,96.34285714,96.34285714,1317.28,1322.16,1328.5,1307.88
11/08/2013,95.22857143,95.22857143,95.22857143,95.22857143,1299.1,1299.14,1308.24,1288.24
18/08/2013,97.88571429,97.88571429,97.88571429,97.88571429,1344.64,1334.74,1353.26,1327.2
25/08/2013,108.0714286,108.0714286,108.0714286,108.0714286,1375.36,1369.06,1383.46,1363.14
01/09/2013,120.8142857,120.8142857,120.8142857,120.8142857,1408.32,1408.86,1415.86,1400.38
08/09/2013,121.1571429,121.1571429,121.1571429,121.1571429,1391.08,1390.18,1402.6,1377
15/09/2013,123.9857143,123.9857143,123.9857143,123.9857143,1350.72,1363.2,1363.22,1345.7
22/09/2013,124.2571429,124.2571429,124.2571429,124.2571429,1327.42,1328.78,1342.18,1321.34
29/09/2013,123.5857143,123.5857143,123.5857143,123.5857143,1328.16,1325.54,1334.02,1320.92
06/10/2013,118.4714286,118.4714286,118.4714286,118.4714286,1312.04,1318.1,1328.74,1298.8
13/10/2013,125.9142857,125.9142857,125.9142857,125.9142857,1304.1,1309.64,1315.36,1295.42
20/10/2013,146.3142857,146.3142857,146.3142857,146.3142857,1293.7,1290.98,1300.28,1283
27/10/2013,183.0714286,183.0714286,183.0714286,183.0714286,1338.94,1328.66,1339.36,1328.6
03/11/2013,197.9857143,197.9857143,197.9857143,197.9857143,1336.58,1342.3,1346.88,1334.78
10/11/2013,281.9,281.9,281.9,281.9,1306.64,1314.6,1317.66,1302.16
17/11/2013,400.4428571,388.0142857,407.2428571,379.3142857,1278.78,1281.16,1285.28,1276.04
24/11/2013,692.8714286,625.7142857,706.7714286,583.0428571,1258.2,1263.36,1264.62,1252.6
01/12/2013,966.4714286,932.6,979.4428571,913.6857143,1242.94,1238.28,1247.66,1235.48
08/12/2013,946.4142857,974.2571429,1050.042857,871.3428571,1231.14,1232.88,1242.22,1215.58
15/12/2013,922.3571429,918.4714286,950.1285714,889.3714286,1243.58,1242.26,1253.3,1233.64
22/12/2013,645.5571429,681.5428571,728.5857143,578.7428571,1222.58,1224.88,1234.1,1211.36
29/12/2013,693.65,697.7333333,711.2,681.3166667,1208.425,1206.375,1211.3,1203.4
05/01/2014,785.4428571,771.3857143,789.4428571,765.9857143,1214.76,1208.2,1219.92,1201.04
12/01/2014,860.5285714,868.2,884.8142857,839,1233.7,1232.08,1238.54,1225.26
19/01/2014,818.2857143,829.4285714,835.1,813.1142857,1245.18,1244.74,1248.86,1240.82
26/01/2014,808.3142857,809.5714286,816.6571429,784.9,1252.7,1249.46,1258.2,1245.34
02/02/2014,795.6333333,796.2833333,807.45,781.6166667,1251.82,1258.1,1261.44,1250.08
09/02/2014,757.9428571,767.2142857,774.2571429,748.3714286,1258.06,1254.22,1267.82,1250.7
16/02/2014,661.1285714,678.1285714,699.0571429,628.3571429,1295.92,1285.82,1297.94,1282.8
23/02/2014,611.9,614.8142857,630.4571429,594.3857143,1322.96,1319.12,1327.24,1314.22
02/03/2014,561.7428571,571.9857143,585.2714286,537.4285714,1332.5,1332.2,1338.9,1325.16
09/03/2014,645.7285714,636.0142857,659.4,622.9857143,1343.58,1341.72,1349.96,1332.48
16/03/2014,632.6571429,627.7714286,635.9714286,625.2428571,1361.88,1353.6,1365.74,1350.72
23/03/2014,590.3142857,600.3285714,608.6142857,587.7714286,1347.96,1355.06,1356.8,1343.82
30/03/2014,531.2714286,547.6571429,555.1428571,517.2857143,1302.9,1310.12,1311.56,1302.08
06/04/2014,455.9142857,459.5,472.2428571,440.7714286,1288.22,1287.18,1296.1,1281.4
13/04/2014,421.5714286,428.2428571,441.3,406.4285714,1310.2,1307.66,1315.66,1304.3
20/04/2014,500.7142857,483.3714286,507.2857143,474.9714286,1305.925,1311.4,1314.925,1299.775
27/04/2014,476.1714286,487.1285714,489.8285714,469.3428571,1288.8,1288.38,1296.2,1281.66
04/05/2014,444.8857143,445.7142857,451.8857143,438.0428571,1295.24,1292.46,1298.76,1284.68
11/05/2014,438.1285714,439.2142857,445.8571429,432.9714286,1296.12,1300.82,1302.88,1294.64
18/05/2014,440.9142857,439.1142857,441.5428571,435.7714286,1296.54,1293.24,1298.82,1290.42
25/05/2014,496.1285714,478.0142857,501.9714286,474.8571429,1292.4,1292.183333,1292.4,1291.616667
01/06/2014,600.8714286,590.5142857,609.5714286,583.6857143,1263.82,1271.24,1273.16,1264.74
08/06/2014,664.0428571,660.8428571,673.9142857,648.6285714,1247.42,1247.32,1252.04,1242.32
15/06/2014,606.0571429,621.0142857,628.0285714,595.8285714,1264.28,1259.5,1266.4,1258.64
22/06/2014,602.6,597.3285714,610.6857143,592.7571429,1289.78,1284.22,1294.28,1276.62
29/06/2014,591.8,593.1857143,599.0142857,585.8142857,1319.24,1316.04,1321.28,1313.12
06/07/2014,639.6857143,639.3142857,648.2428571,631.4428571,1447.4,1323.44,1328.5,1319.48
13/07/2014,621.1714286,622.0142857,626.7428571,615.0428571,1482.14,1326.08,1331.38,1323.48
20/07/2014,623.3714286,623.1285714,626.9714286,616.9571429,1460.74,1312.88,1318.9,1301
27/07/2014,604.6285714,609.1428571,611.5142857,598.4142857,1459.82,1302.78,1303.68,1302.78
03/08/2014,579.4571429,578.5142857,588.4,568.6714286,1453.48,1299.22,1303.16,1293.12
10/08/2014,580.8,580.8142857,585.2428571,578.7571429,1455.36,1297.32,1306.4,1293.36
17/08/2014,533.1714286,544.9571429,550.0285714,519.8,1465.44,1309.38,1313.46,1303.56
24/08/2014,503.4857143,501.6428571,514.9428571,487.8714286,1442.82,1292.32,1293.92,1285.02
31/08/2014,502.8,507.7428571,511.1428571,500.8,1413.566667,1309.716667,1311.516667,1307.233333
07/09/2014,480.6285714,481.5428571,486.5285714,476.8142857,1395.48,1274.06,1277.84,1267
14/09/2014,474.8428571,475.0571429,479.8857143,468.8285714,1400,1247.26,1247.26,1243.38
21/09/2014,432.3714286,442.6142857,450.1571429,424.7571429,1386.56,1227.14,1229.64,1223.8
28/09/2014,404.4714286,408.1,416.6428571,394.8714286,1374.62,1215.26,1216.58,1214.76
05/10/2014,360.0428571,368.5428571,375.8142857,350.0714286,1365.12,1213.3,1218.02,1205.1
12/10/2014,351.5857143,345.2,360.4,335.5571429,1356.2,1241,1243.9,1238.3
19/10/2014,387.2428571,384.1285714,393.7571429,376.2714286,1333.18,1237.78,1239.48,1232.6
26/10/2014,364.7571429,369.8428571,373.5428571,360.1142857,1361.96,1238.1,1240.1,1237.6
02/11/2014,338.2142857,342.6714286,346.4857143,334.4714286,1334.6,1218.54,1219.98,1206.7
09/11/2014,340.4285714,335.8142857,344.4857143,332.2428571,1281.64,1156.48,1165.84,1147.34
16/11/2014,390.8714286,388.7,404.0857143,373.5857143,1286.76,1161.48,1173.02,1152.56
23/11/2014,364.1428571,369,376.7142857,358.6285714,1311.48,1191.9,1195.32,1188.84
30/11/2014,373.3285714,372.1428571,381.7714286,362.7714286,1284.78,1197.92,1198.72,1187.3
07/12/2014,375.8857143,376,380.1428571,371.4428571,1321.6,1196.34,1213.08,1183.48
14/12/2014,352.9285714,356.0857143,360.8428571,348.5,1337.18,1215.64,1227.88,1209.64
21/12/2014,323.7571429,329.6714286,333.6714286,319.0428571,1306.3,1201.24,1210.56,1192.18
28/12/2014,323.6571429,324,328.1857143,318.0714286,1269.94,1181.3,1186.18,1174.72
04/01/2015,301.0714286,310.1285714,313.0857143,299.3,1292.94,1245.02,1251.48,1246.24
11/01/2015,282.1714286,281.3,290.3285714,274.0857143,1355.66,1352.96,1352.96,1351.98
18/01/2015,216.5857143,224.5714286,238.2714286,203.5285714,1364.816667,1360.866667,1361.016667,1360.35
25/01/2015,230.3571429,226.2428571,237.0428571,218.2428571,1388.9,1378.66,1378.68,1377.24
01/02/2015,240.8142857,245.7285714,260.3285714,227.1428571,1394.18,1397.46,1397.46,1397.46
08/02/2015,226.6428571,227.2142857,233.2285714,220.2,1362.12,1360.84,1360.84,1360.84
15/02/2015,230.4857143,228.8857143,237.9285714,221.7857143,1310.5,1310.4,1310.583333,1310.333333
22/02/2015,240.1,239.9571429,245.9714286,234.5428571,1290.64,1292.72,1294.26,1292.68
01/03/2015,246.7285714,243.0428571,249.5857143,238.9142857,1300.66,1300.66,1300.66,1300.66
08/03/2015,276.8428571,274.9857143,282.4285714,267.1142857,1294.46,1294.46,1294.46,1294.46
15/03/2015,289.8285714,288.1714286,295.3571429,285.6285714,1254.48,1254.48,1254.48,1254.48
22/03/2015,269.6,272.1714286,277.4,263.4428571,1255.1,1255.1,1255.1,1255.1
29/03/2015,250.0142857,253.8428571,257.2428571,245.2571429,1286.98,1286.98,1286.98,1286.98
05/04/2015,251.5142857,249,253.4714286,246.5285714,1283.84,1283.84,1283.84,1283.84
12/04/2015,243.8857143,247.3285714,249.2142857,240.5285714,1293.96,1293.96,1293.96,1293.96
19/04/2015,223.6285714,225.6571429,228.2142857,220.0428571,1284.7,1284.7,1284.7,1284.7
26/04/2015,229.6142857,230.1428571,232.8,225.6571429,1277.1,1277.1,1277.1,1277.1
03/05/2015,231.6571429,228.5714286,235.2571429,226.6428571,1285.94,1285.94,1285.94,1285.94
10/05/2015,238.3714286,238.3714286,243.3,234.0428571,1282.98,1282.98,1282.98,1282.98
17/05/2015,238,238.6428571,241.0857143,235.6142857,1302.88,1302.88,1302.88,1302.88
24/05/2015,236.3857143,235.7,238.6714286,233.7857143,1288.05,1290.966667,1291.083333,1289.1
31/05/2015,235.1428571,236.9,237.5714286,233.6714286,1265.88,1266.66,1267.54,1263.36
07/06/2015,224.0571429,224.8428571,227.5,222.0857143,1276.96,1276.44,1277,1275.92
14/06/2015,230.3,228.8714286,231.9142857,228.1714286,1280.2,1280.2,1280.2,1280.2
21/06/2015,245.9714286,244.4285714,249.8,240.4857143,1288.46,1288.46,1288.46,1287.78
28/06/2015,245.2142857,244.5857143,247.2142857,242.1857143,1274.26,1274.26,1274.26,1273.64
05/07/2015,259.1428571,256.8,262.5857143,253.3571429,1249.32,1248.7,1249.56,1248.58
12/07/2015,279.6833333,274.7,283.05,272.65,1258.08,1258.08,1258.08,1258.08
19/07/2015,282.2857143,287.4428571,291.6857143,278.8857143,1245.52,1245.52,1245.52,1245.52
26/07/2015,283.0857143,280.5,285.1714286,278.4857143,1192.54,1192.54,1192.54,1192.54
02/08/2015,287.9142857,289.4142857,291.7428571,283.7142857,1187.04,1187.04,1187.04,1187.04
09/08/2015,276.5,278.9142857,281.4714286,274.0142857,1180,1180,1180,1180
16/08/2015,265.2571429,266.1142857,268.7285714,262.2428571,1202.78,1202.78,1202.78,1202.78
23/08/2015,227.7428571,233.8142857,243.0857143,218.1285714,1224.06,1224.06,1224.06,1224.06
30/08/2015,225.4,225.1142857,231.8,217.6714286,1219.44,1219.44,1219.44,1219.44
06/09/2015,232.0428571,230.4714286,235.0714286,228.1714286,1196.083333,1196.483333,1196.616667,1196.033333
13/09/2015,238.7,240.1285714,242.7142857,236.9142857,1174.06,1173.98,1174.88,1173.12
20/09/2015,231.7714286,231.6142857,234.0142857,229.9428571,1194.3,1192.72,1192.72,1192.72
27/09/2015,232.4142857,232.2,234.8428571,230.2,1212.2,1212.2,1212.2,1212.2
04/10/2015,238.4857143,237.6142857,240.5428571,236.5142857,1194.68,1194.68,1194.68,1194.68
11/10/2015,245.0428571,243.8142857,246.5285714,242.2571429,1212.22,1212.22,1212.22,1212.22
18/10/2015,258.2142857,255.8,261.8142857,252.7857143,1240.88,1240.88,1240.88,1240.88
25/10/2015,275.4,272.5857143,279.4142857,270.5142857,1230.76,1230.76,1230.76,1230.76
01/11/2015,310.9571429,304.4,317.2285714,300.1142857,1212.96,1212.96,1212.96,1212.96
08/11/2015,385.9571429,379.7285714,418.3,359.3285714,1165.64,1165.64,1165.64,1165.64
15/11/2015,337.8285714,345.6,354.6714286,324.7142857,1145.32,1145.32,1145.32,1145.32
22/11/2015,329.3285714,328.7571429,333.7714286,321.1,1133.14,1133.88,1135.36,1133.88
29/11/2015,345.5,338.5428571,350.8142857,333.8714286,1114,1113.86,1114.68,1113.68
06/12/2015,371.8857143,369.4714286,380.5571429,360.6857143,1124.42,1124.42,1124.42,1124.42
13/12/2015,425.1571429,419.3571429,435.4285714,404.0714286,1133.46,1133.46,1133.46,1133.46
20/12/2015,455.5,453.9428571,462.4142857,441.8571429,1121.58,1121.58,1121.58,1121.58
27/12/2015,438.0857143,440.9142857,448.3571429,427.7,1134.65,1134.65,1134.65,1134.65
03/01/2016,428.7428571,427.8,433.3142857,420.8285714,1124.625,1124.625,1124.625,1124.625
10/01/2016,443.4714286,440.6,448,434.6571429,1148.04,1148.04,1148.04,1148.04
17/01/2016,410.1571429,419.7857143,426.8571429,400.7571429,1128.966667,1128.683333,1129.05,1128.683333
24/01/2016,395.1142857,392.1428571,406.0857143,381.2571429,1132.44,1132.78,1133.4,1132.22
31/01/2016,382.2571429,387.5428571,391.1428571,376.2285714,1161.84,1161.84,1161.84,1161.84
07/02/2016,376.4857143,375.5428571,382.6571429,369.7,1184.52,1189,1189,1189
14/02/2016,383.9571429,378.8,387,376.7857143,1249.1,1248.2,1248.233333,1247.483333
21/02/2016,420.4,415.7714286,426.8142857,410.3571429,1245.26,1248.22,1248.44,1241.98
28/02/2016,430.9571429,431.8857143,436.2428571,421.9714286,1264.2,1264.06,1264.06,1264.06
06/03/2016,418.1285714,422.4857143,427.4142857,412.2714286,1288.76,1288.76,1288.76,1288.76
13/03/2016,413.6857143,412.5428571,417.7571429,408.3,1310.28,1306.18,1306.18,1306.18
20/03/2016,413.5714286,413.6428571,416.8428571,410.0285714,1294.32,1292.44,1292.72,1292.44
27/03/2016,417.5857143,415.2857143,419.3285714,412.7142857,1270.92,1275.92,1275.92,1270.06
03/04/2016,418.2285714,419.2714286,421.5428571,414.3714286,1276.74,1276.74,1276.74,1276.74
10/04/2016,421.0714286,420.9714286,422.7571429,417.2,1275.52,1275.52,1275.52,1275.52
17/04/2016,427.5857143,426.6285714,429.9428571,424.6285714,1290.9,1290.9,1290.9,1290.9
24/04/2016,446.9,442,449.0857143,439.1857143,1292.34,1292.34,1292.34,1292.34
01/05/2016,454.0714286,455.7428571,461.5,447.4,1307.9,1307.9,1307.9,1307.9
08/05/2016,453.0285714,451.7714286,456.5,447.0857143,1334.46,1334.46,1334.46,1334.46
15/05/2016,455.5857143,455.8714286,459.5571429,451.5285714,1316.8,1316.8,1316.8,1316.8
22/05/2016,444.9428571,447.7857143,450.2571429,441.6571429,1316.56,1316.56,1316.56,1316.56
29/05/2016,474.5428571,461.1571429,483.9428571,457.8571429,1281.24,1281.24,1281.24,1281.24
05/06/2016,550.9714286,544.8571429,563.3428571,536.8285714,1261.63,1260.85,1261.83,1259.56
12/06/2016,598.0285714,584.1857143,604.5285714,576.4571429,1312.86,1312.86,1312.86,1312.86
19/06/2016,732.9142857,719.3142857,749.1571429,692.4714286,1339.28,1339.28,1339.28,1339.28
26/06/2016,657.5571429,671.9857143,693.6857143,631.5142857,1337.08,1337.08,1337.08,1337.08
03/07/2016,666,661.6714286,679.0714286,641.9,1374.533333,1374.366667,1374.875,1373.425
10/07/2016,661.3142857,662.7428571,673.4857143,639.4,1403.24,1401.84,1404.87,1401.44
17/07/2016,663.2428571,658.4428571,672.1857143,653.2,1394.44,1394.44,1394.44,1394.44
24/07/2016,663.4142857,666.4714286,670.8285714,655.3142857,1387.02,1387.02,1387.02,1387.02
31/07/2016,649.0333333,655.8,659.1833333,644.1333333,1394.08,1394.88,1394.88,1394.88
07/08/2016,604.6428571,607.3571429,609.0142857,602.9285714,1421.06,1421.06,1421.06,1421.06
14/08/2016,589.7714286,594.7571429,598.3428571,586.4428571,1410.46,1410.32,1410.32,1410.32
21/08/2016,574.2428571,572.5571429,579.0142857,569.6857143,1413.46,1411.8,1411.8,1411.8
28/08/2016,578.5285714,579.5571429,583.0714286,575.3,1394.12,1393.92,1393.92,1393.92
04/09/2016,586.7714286,581.0142857,589.7,577.5142857,1368.491667,1368.816667,1368.908333,1368.475
11/09/2016,620.6571429,620.9857143,626.7714286,612.6142857,1388.52,1387.57,1388.73,1387.41
18/09/2016,611.7428571,611.6142857,615.5142857,609,1378.1,1379.66,1379.66,1377.9
25/09/2016,601.5,603.3142857,605.6,598.9571429,1386.52,1386.52,1386.52,1386.52
02/10/2016,608.1857143,606.9428571,611.0714286,604.3714286,1381.84,1384.46,1384.46,1384.46
09/10/2016,615.4857143,614.3857143,617.9142857,612.3571429,1323.86,1323.86,1323.86,1323.86
16/10/2016,637.5142857,633.6,641.5285714,631.7285714,1310.76,1310.76,1310.76,1310.76
23/10/2016,643.3714286,641.2428571,649.3142857,635.6571429,1320.42,1320.42,1320.42,1320.42
30/10/2016,684.5857143,678.3714286,691.5428571,673.3714286,1328.1,1328.1,1328.1,1328.1
06/11/2016,713.7285714,714.0142857,727.5142857,696.6857143,1355.84,1355.84,1355.84,1355.84
13/11/2016,712.4571429,712.7142857,720.4714286,702.9,1324.32,1323.98,1323.98,1323.98
20/11/2016,734.5571429,731.4714286,744.6857143,719.7142857,1285.66,1285.66,1285.66,1285.66
27/11/2016,737.9,738.5428571,744,727.4714286,1248.55,1249.28,1249.5,1247.39
04/12/2016,752.2285714,746.0285714,756.0142857,741.9428571,1245.72,1245.72,1245.72,1245.72
11/12/2016,764.5142857,764.2428571,771.0142857,757.6571429,1241.94,1240.94,1240.94,1240.94
18/12/2016,781.4714286,778.6142857,786.4428571,774.8714286,1229.24,1229.24,1229.24,1229.24
25/12/2016,855.7142857,840.3285714,862.8857143,828.0571429,1204.166667,1204.166667,1204.166667,1204.166667
01/01/2017,960.2714286,946.1428571,967.8857143,931.3142857,1211.23,1212.22,1212.43,1212.02
08/01/2017,988.9,1000.985714,1038.285714,927.1,1232.13,1229.72,1230.49,1229.52
15/01/2017,836.5857143,850.3142857,868.8,807.4714286,1264.008333,1262.2,1263.491667,1262.2
22/01/2017,895.1285714,880.3428571,906.5571429,863.4142857,1274.13,1273.91,1274.95,1273.26
29/01/2017,907.6,908.9571429,920.3142857,900.3428571,1283.74,1285.28,1285.28,1284.44
05/02/2017,989.4857143,976.3857143,997.0285714,963.3142857,1292.1,1292,1292.4,1292
12/02/2017,1013.828571,1015.414286,1034.985714,986.1714286,1315.58,1317.14,1317.14,1317.14
19/02/2017,1033.514286,1024.885714,1041.342857,1016.185714,1300.566667,1300.35,1300.891667,1300.35
26/02/2017,1150.485714,1132.985714,1167.028571,1104.2,1308.16,1307.97,1308.55,1307.22
05/03/2017,1244.871429,1230.114286,1257.357143,1212.828571,1325.44,1325.44,1325.44,1325.44
12/03/2017,1194.714286,1202.328571,1254.028571,1139.742857,1293.32,1295.3,1295.3,1295.28
19/03/2017,1137.728571,1167.542857,1193.157143,1110.328571,1296.3,1297.78,1297.78,1297.78
26/03/2017,1015.771429,1022.614286,1051.957143,975,1327.32,1324.82,1324.82,1324.82
02/04/2017,1064.671429,1045,1077.185714,1028.657143,1333.38,1338.92,1338.92,1338.38
09/04/2017,1175.414286,1160.028571,1187.614286,1144.671429,1333.24,1332.5,1332.5,1332.5
16/04/2017,1211.771429,1212.514286,1228.442857,1195.157143,1340.07,1340.07,1340.07,1340.07
23/04/2017,1300.371429,1280.085714,1309.242857,1269.7,1365.98,1364.54,1368.18,1364.54
30/04/2017,1404.185714,1393.128571,1418.085714,1371.385714,1347.32,1347.32,1347.32,1347.32
07/05/2017,1582.871429,1556.457143,1627.885714,1515.157143,1322.3,1323.1,1323.1,1323.1
14/05/2017,1785.342857,1755.642857,1827.928571,1707.1,1301.48,1305.16,1305.2,1304.58
21/05/2017,1917.871429,1888.9,1948.242857,1852.142857,1323.54,1325.22,1325.36,1325.22
28/05/2017,2162.542857,2161.514286,2356.214286,2029.028571,1324.353333,1324.035,1324.486667,1324.035
04/06/2017,2316.085714,2254.7,2358.071429,2179.471429,1330.118,1330.384,1330.5,1329.772
11/06/2017,2779.4,2715.585714,2844.8,2654.928571,1357.4,1357.4,1357.4,1357.4
18/06/2017,2508.442857,2572.328571,2659.828571,2316.585714,1337.24,1337.56,1337.56,1337.56
25/06/2017,2606.028571,2609.985714,2694.514286,2521.957143,1319.84,1319.84,1319.84,1319.84
02/07/2017,2445.614286,2450.314286,2507.785714,2327.671429,1317.72,1318.74,1318.74,1316.92
09/07/2017,2542.5,2537.714286,2589.871429,2473.514286,1278.29,1277.42,1278.166,1276.678
16/07/2017,2201.771429,2281.857143,2324.2,2123.2,1290.44,1288.48,1288.48,1288.48
23/07/2017,2555.385714,2439.957143,2655.2,2349.342857,1315.12,1315.12,1315.12,1315.12
30/07/2017,2681.3,2681.642857,2752.371429,2567.385714,1329.46,1329.1,1329.1,1329.1
06/08/2017,2917.685714,2849.185714,2981.771429,2774.6,1341.16,1341.16,1341.16,1341.16
13/08/2017,3588.914286,3471,3661.628571,3412.385714,1345.72,1344.6,1344.6,1344.6
20/08/2017,4202.471429,4204.557143,4341.157143,3976.471429,1355.02,1355.8,1357.76,1355.8
27/08/2017,4222.257143,4186.128571,4297.685714,4075.9,1361.62,1361.62,1361.62,1361.62
03/09/2017,4613.2,4576.371429,4718.085714,4421.942857,1379.336667,1379.273333,1380.228333,1379.01
10/09/2017,4376.242857,4430.328571,4538.928571,4146.514286,1398.496,1399.122,1399.798,1398.282
17/09/2017,3783.342857,3864,4041.028571,3583.871429,1399.38,1400.34,1400.34,1400.34
24/09/2017,3784.514286,3784.957143,3929.785714,3653.471429,1377.46,1377.58,1377.58,1377.58
01/10/2017,4163.671429,4056.928571,4216.228571,3993.028571,1367.44,1367.14,1367.14,1367.14
08/10/2017,4380.257143,4349.8,4453.128571,4274.585714,1349.64,1350.54,1350.54,1350.54
15/10/2017,5283.3,5130.4,5391.071429,5027.457143,1369.4,1369.1,1369.1,1369.1
22/10/2017,5798.657143,5761.928571,5894.7,5557.057143,1364.72,1365.18,1365.18,1365.18
29/10/2017,5808.942857,5783.571429,5981.157143,5589.214286,1352.44,1352.96,1352.96,1352.96
05/11/2017,6908.6,6707.842857,7045.042857,6614.314286,1351.9,1351.9,1351.9,1351.9
12/11/2017,6755.985714,6972.942857,7221.714286,6559.828571,1359.44,1359.44,1359.44,1359.44
19/11/2017,7385.957143,7065.185714,7530.657143,6910.557143,1364.14,1364.14,1364.14,1364.14
26/11/2017,8403.342857,8226.4,8554.785714,8078.557143,1352.412,1352.318,1352.854,1351.61
03/12/2017,10312.88571,10047.68571,10811.95714,9570.771429,1368.84,1371.96,1371.96,1371.96
10/12/2017,14120.57143,13565.71429,14710.28571,12355.57143,1342.08,1341.48,1341.48,1341.48
17/12/2017,17423.57143,16856.92857,18109.57143,16398.14286,1330.4,1331.36,1331.36,1329.76
24/12/2017,15578.82857,16360.28571,16865.57143,14273.02857,1350.38,1349.16,1349.28,1349.16
31/12/2017,14212.14286,14173.42857,15133.57143,13091.98571,1358,1356.74,1356.86,1356.52
07/01/2018,15521.82857,15191.14286,15934.28571,14418.42857,1385.68,1384.1,1384.88,1383.86
14/01/2018,14149.57143,14524.42857,14935.11429,13324.47143,1398.583333,1398.083333,1398.233333,1397.866667
21/01/2018,11784.57143,12077.42857,12705.42857,10870.92857,1409.16,1408.26,1409.78,1408.2
28/01/2018,11217.14286,11167.01429,11718.85714,10534.15714,1447.38,1447.38,1447.38,1447.38
04/02/2018,9595.328571,10113.17143,10289.75714,9091.814286,1439.32,1439.32,1439.32,1439.32
11/02/2018,7965.871429,7982.471429,8538.042857,7307.328571,1418.78,1418.78,1418.78,1418.78
18/02/2018,9779.471429,9451.728571,10031.25714,9158.285714,1425.566667,1425.433333,1425.883333,1425.433333
25/02/2018,10292.1,10410.85714,10844.42857,9938.214286,1413.44,1413.96,1414.66,1413.36
04/03/2018,10870.85714,10598.28571,11103.71429,10405.41429,1420.42,1420.42,1420.42,1420.42
11/03/2018,9835.128571,10124.6,10393.37143,9414.028571,1427.2,1427.2,1427.2,1427.2
18/03/2018,8428.242857,8615.257143,8918.414286,8009.614286,1424.78,1425.18,1425.18,1425.18
25/03/2018,8713.485714,8676.828571,8943.171429,8389.6,1430.34,1430.34,1430.34,1430.34
01/04/2018,7358.485714,7592.642857,7758.8,7133.8,1440.925,1440.925,1440.925,1440.925
08/04/2018,6933.7,6906.542857,7143.671429,6716.585714,1437.2,1437.2,1437.2,1437.2
15/04/2018,7528.828571,7340.314286,7710.814286,7197.314286,1446.88,1446.88,1446.88,1446.88
22/04/2018,8424.342857,8360.271429,8579.442857,8184.142857,1448.08,1451,1451,1451
29/04/2018,9200.871429,9106.528571,9446.942857,8865.228571,1424.32,1424.32,1424.32,1424.32
06/05/2018,9503.8,9467.028571,9653.471429,9254.3,1411.58,1411.58,1411.58,1411.58
13/05/2018,8921.471429,9059.685714,9186.585714,8728.814286,1416.7,1416.8,1416.8,1416.76
20/05/2018,8360.171429,8384.8,8561.814286,8147.414286,1396.22,1399.32,1399.32,1399.32
27/05/2018,7652.885714,7824.014286,7916.957143,7542.457143,1379.683333,1379.933333,1379.95,1379.316667
03/06/2018,7470.842857,7418.571429,7598.328571,7302.7,1374.62,1375.24,1375.5,1374.5
10/06/2018,7474.842857,7611.528571,7680.657143,7373.857143,1393.5,1393.52,1393.7,1393.52
17/06/2018,6521.814286,6569.128571,6695.857143,6369.2,1390.54,1390.54,1390.54,1390.54
24/06/2018,6466.171429,6507.985714,6642.757143,6284.414286,1365.98,1368.58,1368.58,1368.58
01/07/2018,6179.642857,6150.185714,6311.871429,6027.157143,1347.76,1346.58,1346.58,1346.58
08/07/2018,6611.757143,6604.242857,6724.942857,6501.957143,1324.4,1324.02,1325.26,1323.84
15/07/2018,6344.614286,6394.257143,6474.942857,6257.128571,1338.2,1337.8,1337.8,1337.8
22/07/2018,7291.257143,7141.685714,7438.714286,7052.457143,1316.86,1316.26,1316.26,1316.26
29/07/2018,8126.057143,8004.728571,8274.328571,7860.171429,1311.74,1311.12,1311.12,1311.12
05/08/2018,7501.885714,7671.671429,7718.471429,7363.428571,1303.42,1303.5,1305.86,1302.5
12/08/2018,6451.928571,6554.385714,6740.657143,6290.142857,1295,1296.84,1297.28,1296
19/08/2018,6354.942857,6329.314286,6519.714286,6189.571429,1265.16,1265.88,1265.88,1265.88
26/08/2018,6536.328571,6505.685714,6682.728571,6397.914286,1273.26,1273.86,1273.86,1273.46
02/09/2018,7077.628571,6991.685714,7134.828571,6900.885714,1269.4,1269.616667,1269.683333,1269.333333
09/09/2018,6668.857143,6820,6901.157143,6578.842857,1259.38,1257.8,1259.9,1257.08
16/09/2018,6414.785714,6383.557143,6474.1,6308.871429,1276.94,1274.08,1274.36,1274.06
23/09/2018,6526.3,6501.1,6626.657143,6386.857143,1278.86,1278.86,1278.86,1278.86
30/09/2018,6576.057143,6585.228571,6671.342857,6468.028571,1271.18,1271.48,1271.48,1271.48
07/10/2018,6579.457143,6584.671429,6634.185714,6515.4,1275.5,1275.5,1275.5,1275.5
14/10/2018,6453.328571,6492.571429,6537.942857,6396.857143,1279,1272.78,1272.78,1272.78
21/10/2018,6650.257143,6608.828571,6865.971429,6548.842857,1304.4,1304.4,1304.4,1304.4
28/10/2018,6531.6,6546.471429,6579.028571,6509.785714,1306.74,1306.74,1306.74,1306.74
04/11/2018,6391.742857,6395.814286,6444.428571,6331.742857,1301.54,1301.68,1301.68,1301.68
11/11/2018,6476.985714,6483.885714,6518.157143,6435.357143,1298.22,1298.22,1298.22,1298.22
18/11/2018,5927.985714,6047.714286,6074.957143,5816.914286,1283.44,1283.44,1283.44,1283.44
25/11/2018,4433.928571,4652.657143,4771,4253.728571,1283.16,1282.84,1283.5,1282.66
02/12/2018,4114.657143,4114.771429,4299.885714,3937.714286,1293.68,1293.08,1293.08,1293.08
09/12/2018,3683.614286,3760.571429,3913.414286,3564.385714,1311.86,1312.6,1312.6,1311.72
16/12/2018,3388.285714,3436.385714,3498.957143,3331.085714,1312.74,1312.74,1312.74,1312.74
23/12/2018,3945.214286,3834.357143,4064.214286,3750.385714,1322.68,1322.68,1322.68,1322.68
30/12/2018,3943.057143,3955.971429,4096.942857,3827.242857,1328.17,1329.46,1329.87,1329.09
06/01/2019,3971.8,3944.471429,4045.9,3859.657143,1338.15,1338.58,1338.59,1338.21
13/01/2019,3859.857143,3942.242857,3990.4,3824.128571,1354.4,1354.4,1354.4,1354.4
20/01/2019,3688.828571,3689.642857,3774.514286,3619.2,1343.041667,1342.916667,1343.15,1342.783333
27/01/2019,3621.1,3620.2,3669.971429,3567.185714,1337.13,1336.91,1337.11,1335.75
03/02/2019,3516.1,3529.7,3560.5,3463.871429,1377.28,1377.92,1377.92,1377.92
10/02/2019,3582.842857,3548.642857,3616.442857,3511.685714,1376.42,1376.42,1376.42,1376.42
17/02/2019,3682.714286,3684.8,3732.028571,3655.457143,1366.275,1366.341667,1366.391667,1366.208333
24/02/2019,4019.114286,4005.1,4129.242857,3918.514286,1383.97,1383.09,1384.37,1383.03
03/03/2019,3903.871429,3894.742857,3945.314286,3848.157143,1378.2,1377.94,1377.94,1377.94
10/03/2019,3946.5,3930.057143,3990.442857,3880.114286,1347.94,1347.94,1347.94,1347.94
17/03/2019,3994.185714,3984.457143,4030.414286,3945.185714,1357.64,1357.64,1357.64,1357.64
24/03/2019,4071.442857,4075.357143,4102.414286,4036.628571,1363.48,1363.26,1363.26,1363.26
31/03/2019,4095.5,4077.657143,4119.671429,4041.585714,1359.92,1362.66,1362.66,1361.5
07/04/2019,4921.4,4768.771429,5064.757143,4710.457143,1343.86,1343.24,1343.72,1343.24
14/04/2019,5188.057143,5193.8,5286.614286,5085.471429,1352.78,1355.42,1355.42,1355.42
21/04/2019,5260.671429,5240.957143,5316.642857,5183.285714,1320.58,1320.78,1320.78,1320.76
28/04/2019,5423.914286,5398.842857,5544.7,5297.428571,1330.32,1330.32,1330.32,1330.32
05/05/2019,5798.471429,5720.514286,5851.857143,5652.8,1331.08,1331.24,1331.24,1331.24
12/05/2019,6447.171429,6313.457143,6595.428571,6233.585714,1334.7,1336.02,1336.02,1336.02
19/05/2019,7795.185714,7622.371429,8062.657143,7383.671429,1338.74,1338.74,1338.74,1338.74
26/05/2019,8027.885714,7949.9,8196.985714,7722.442857,1318.608333,1317.9,1318.058333,1317.808333
02/06/2019,8616.857143,8614.671429,8811.8,8404.771429,1326.73,1321.99,1323.49,1321.79
09/06/2019,7849.485714,8004.314286,8111.285714,7673.171429,1379.92,1371.62,1371.62,1368.84
16/06/2019,8407.385714,8213.4,8525.085714,8096.157143,1381.78,1377.66,1377.74,1373.58
23/06/2019,9887.828571,9609.671429,10092.64286,9495.2,1409.6,1400.92,1406.7,1395.7
30/06/2019,11699.28571,11730.24286,12412.1,10933.48571,1454.36,1447.56,1452.88,1443.68
07/07/2019,11203.57143,11102.82857,11575.35714,10672.95714,1441.39,1437.47,1439.55,1431.15
14/07/2019,11652.97143,11838.78571,12221.57143,11160.14286,1450.56,1446.06,1447.26,1446.06
21/07/2019,10337.65714,10285.45714,10771.72857,9784.985714,1466.12,1461.68,1469.78,1456.32
28/07/2019,9810.314286,9960.628571,10112.41429,9611.428571,1467.7,1463.46,1464.24,1461.66
04/08/2019,10271,10065.77143,10377.61429,9959.942857,1475.98,1463.64,1473.1,1460.62
11/08/2019,11732.74286,11645.71429,12026.1,11332.71429,1532.28,1516.2,1529.94,1512.84
18/08/2019,10517.57143,10697.85714,10858.54286,10207,1555.72,1548.22,1558.76,1533.88
25/08/2019,10383.57143,10415.85714,10607.85714,10054.58571,1550.3,1536.02,1545.5,1532.34
01/09/2019,9828.771429,9881.642857,10050.64286,9649.014286,1567.758333,1565.708333,1571.733333,1558.608333
08/09/2019,10488.24286,10399.41429,10693.74286,10246.98571,1565.11,1562.79,1571.73,1549.09
15/09/2019,10306,10319.45714,10440.14286,10103.55714,1539.84,1534.92,1543.12,1528.76
22/09/2019,10179.72857,10217.44286,10292.28571,9997.357143,1549.74,1537.38,1546.34,1534.44
29/09/2019,8481.542857,8761.042857,8862.342857,8241.242857,1559.24,1553.18,1558.56,1542.86
06/10/2019,8221.842857,8251.842857,8348.8,8023.185714,1539.62,1525.3,1536.48,1514.88
13/10/2019,8363.671429,8304.285714,8545.471429,8178.728571,1541.96,1536.9,1540.9,1522.76
20/10/2019,8130.014286,8136.385714,8256.142857,7996,1534.88,1522.68,1526.08,1517.36
27/10/2019,8395.9,8207.628571,8769.528571,8020.414286,1537.82,1527.46,1532.28,1524.56
03/11/2019,9269.242857,9319.914286,9510.857143,9111.014286,1544.58,1533.22,1538.54,1529.14
10/11/2019,9144.985714,9167.228571,9326.957143,8986.357143,1528.46,1522.56,1523.06,1519.46
17/11/2019,8654.442857,8730.285714,8811.371429,8550.3,1508.3,1492.62,1497.04,1488.14
24/11/2019,7688.971429,7913.042857,7958.557143,7521.2,1513.96,1503.72,1506.3,1496.86
01/12/2019,7460.428571,7390.1,7648.042857,7172.757143,1495.59,1483.13,1486.83,1479.01
08/12/2019,7437.228571,7420.614286,7609.285714,7304.142857,1514.94,1504.88,1508.98,1500.6
15/12/2019,7232.214286,7290.214286,7370.985714,7160.614286,1513.38,1497.6,1503.62,1492.74
22/12/2019,7144.342857,7090.628571,7294.285714,6930.628571,1523.48,1507.76,1510.82,1505.98
29/12/2019,7302.3,7319.614286,7450.457143,7215.171429,1540.17,1523.72,1527.72,1523.13
05/01/2020,7253.314286,7260.914286,7374.014286,7150.028571,1563.87,1550.23,1555.21,1548.83
12/01/2020,8018.142857,7904.928571,8155.457143,7766.242857,1607.38,1596.8,1606.1,1591.96
19/01/2020,8694.185714,8619.271429,8838.514286,8459.571429,1588.541667,1577.366667,1579.825,1572.441667
26/01/2020,8551.728571,8563.1,8654.871429,8391.514286,1597.13,1583.06,1589.24,1580.87
02/02/2020,9321.957143,9217.442857,9414.871429,9090.4,1620.38,1603.86,1611.16,1599.24
09/02/2020,9671,9557.042857,9788.228571,9473.028571,1608.1,1591.88,1597.2,1584.54
16/02/2020,10117.7,10149.67143,10318.28571,9904.071429,1610.691667,1599.766667,1601.708333,1598.258333
23/02/2020,9776.028571,9767.585714,9959.271429,9519.057143,1644.39,1631.39,1638.93,1629.81
01/03/2020,8927.3,9130.571429,9224.814286,8773.7,1670.22,1668.04,1674.16,1666.24
08/03/2020,8826.028571,8895.014286,9048.785714,8669.814286,1667.92,1644.98,1665.44,1642.48
15/03/2020,6429.214286,6806.357143,7148.557143,5994.171429,1633.02,1660.22,1660.26,1619.78
22/03/2020,5746.842857,5684.8,6082.857143,5294.614286,1506.86,1504.5,1521.78,1491.26
29/03/2020,6457.714286,6447.828571,6678.657143,6186.771429,1645.16,1616.3,1640.86,1610.84
05/04/2020,6675.571429,6549.614286,6873.514286,6425.742857,1628.48,1628.4,1630.9,1625.66
12/04/2020,7126.071429,7106.142857,7292.171429,6924.957143,1712.64,1710.46,1711.12,1710.46
19/04/2020,6988.285714,6956.7,7112.028571,6796.871429,1746.26,1751.32,1756.82,1745.94
26/04/2020,7294.642857,7213.928571,7444.371429,7110.971429,1731.9,1731.88,1733.7,1720.56
03/05/2020,8521.014286,8348.014286,8739.871429,8219.485714,1725.12,1726.52,1732.72,1718.72
10/05/2020,9297.157143,9323.442857,9574.485714,8942.057143,1740.5,1730,1733.44,1726.16
17/05/2020,9262.7,9128.1,9534,8928.071429,1754.84,1742.66,1749.52,1739.7
24/05/2020,9299.271429,9435.942857,9583.5,9111.885714,1765.725,1775.441667,1776.716667,1769.816667
31/05/2020,9304.542857,9198.742857,9413.771429,9053,1748.76,1743.09,1750.31,1740.33
07/06/2020,9749.842857,9707.8,9943.842857,9438.8,1748.28,1759.86,1760.9,1745.4
14/06/2020,9574.214286,9631.942857,9740.128571,9413.142857,1757.28,1764,1764.96,1758.12
21/06/2020,9403.785714,9410.614286,9490.614286,9223.428571,1767.62,1770.1,1774.08,1764.46
28/06/2020,9316.871429,9341.2,9462.571429,9139.385714,1804.24,1798.94,1804.38,1798.12
05/07/2020,9142.314286,9147.757143,9214.857143,9041.428571,1814.64,1809.86,1819.9,1807.51
12/07/2020,9313.171429,9280.871429,9368.128571,9199.571429,1851.96,1847.42,1855.08,1846.94
19/07/2020,9209,9221.085714,9242.557143,9160.414286,1858.4,1853.24,1858.46,1851.54
26/07/2020,9568.042857,9465.585714,9602.757143,9420.428571,1915.28,1900.84,1916.78,1899.94
02/08/2020,11203.5,11045.28571,11425.8,10854.07143,2001.48,1999.02,2020.8,1985.42
09/08/2020,11560.71429,11471.87143,11675.51429,11375.21429,2063.32,2065.64,2088.68,2048.6
16/08/2020,11744.95714,11709.05714,11863.7,11548.52857,2000.02,2010.2,2023.98,1974.82
23/08/2020,11828.97143,11866.4,11992.9,11671.12857,1997.88,1996,2009.54,1972.52
30/08/2020,11527.12857,11517.58571,11628.7,11385.44286,1965.64,1961.44,1972.1,1946.8
06/09/2020,10878.38571,11086.07143,11222.38571,10705.47143,1968.641667,1977.75,1981.4,1964.775
13/09/2020,10333.68571,10325.82857,10421.92857,10151.01429,1964.48,1958.7,1970.82,1950.31
20/09/2020,10914.85714,10829.21429,11004.75714,10742.57143,1982.44,1978.86,1987.92,1975.54
27/09/2020,10608.71429,10627.64286,10746.84286,10482.95714,1904.84,1921.14,1924.34,1894
04/10/2020,10689.65714,10706.37143,10785.44286,10602.22857,1919.94,1912.72,1922.96,1905.42
11/10/2020,10973.52857,10873.81429,11032.34286,10811.3,1928.7,1920.4,1932.6,1911.2
18/10/2020,11452.71429,11433.71429,11535.98571,11331.1,1931.26,1935.6,1938.86,1927.58
25/10/2020,12657,12437.27143,12776.28571,12355.61429,1934.34,1931.34,1938.8,1924.22
01/11/2020,13503.18571,13400.47143,13665.11429,13220.95714,1909.62,1912.7,1916.54,1903.86
08/11/2020,14748.4,14498.11429,14946.81429,14233.87143,1939.8,1927.2,1943.48,1924.8
15/11/2020,15853.64286,15787.88571,16014.94286,15570.24286,1890.46,1910.82,1919.62,1883.76
22/11/2020,17956.55714,17608.44286,18175.97143,17407.22857,1892.74,1891.56,1895.2,1888.04
29/11/2020,18081.15714,18108.68571,18519.28571,17575.44286,1819.92,1837.59,1842.78,1814.72
06/12/2020,19200.71429,19029.28571,19472.85714,18684.28571,1830.88,1820.48,1837.26,1813.1
13/12/2020,18627.37143,18661.57143,18902.58571,18262.48571,1861.44,1861.3,1873.34,1846.02
20/12/2020,21889.51429,21282.94286,22134.57143,21108.95714,1874.48,1867.88,1880.9,1862.66
27/12/2020,24406.42857,24006.1,24957.44286,23578.24286,1888.225,1894.475,1900.55,1876.775
03/01/2021,29526.85714,28565.28571,29938.14286,28296,1899.12,1900.42,1907.1,1894.4
10/01/2021,37297.71429,36545.57143,38242.47143,34991.15714,1922.32,1940.26,1951.04,1911.94
17/01/2021,36403.28571,36728.71429,37861.22857,34400.28571,1848.225,1853.733333,1860.7,1833.05
24/01/2021,33787.15714,34294.57143,35126.71429,32491.28571,1859.84,1848.75,1864.83,1834.77
31/01/2021,32903.97143,32784.44286,34363.72857,31676.24286,1855.6,1857.08,1870.76,1848.82
07/02/2021,37161.71429,36347.42857,37813.72857,35902.57143,1831.66,1843.08,1849.86,1823.32
14/02/2021,46982.85714,45590.57143,47891.28571,44849.71429,1835.025,1831.325,1844.95,1825.958333
21/02/2021,52836.14286,51580.57143,53518.21429,50955.41429,1792.49,1799.08,1808.6,1784.06
28/02/2021,48237.28571,49962.42857,50912.2,46138.07143,1788.26,1799.48,1806.3,1772.94
07/03/2021,49375.45714,48556.71429,50295.61429,47487.28571,1719.54,1721.44,1734.9,1704.3
14/03/2021,56956.51429,55815.17143,57548.91429,54598.24286,1716.56,1714.88,1728.32,1700.22
21/03/2021,57515.28571,57749.14286,58945.08571,56164.71429,1736.48,1737.28,1748.62,1727.42
28/03/2021,54109.58571,54337.44286,55870.82857,53094.48571,1734.94,1737.34,1744.22,1727.02
04/04/2021,58322.67143,57970.24286,59101.41429,57318.77143,1713.05,1712.45,1725.85,1694.075
11/04/2021,58454.08571,58197.68571,59299.71429,57418.71429,1745.28,1741.46,1750.32,1731.4
18/04/2021,61002.1,61550.11429,62587.38571,59818.97143,1754.66,1746.66,1762.06,1738.06
25/04/2021,52591.51429,53599.61429,54187.32857,51659.35714,1782.44,1783.34,1794.5,1772.88
02/05/2021,55655.57143,54587.24286,56220,53784.71429,1775.94,1778.92,1784.78,1766.74
09/05/2021,56979.71429,56699,58219.64286,55518,1802.02,1790.54,1811.92,1782.28
16/05/2021,50760.4,52430.84286,53739.21429,49928.07143,1833.76,1831.96,1843.82,1819.92
23/05/2021,39077.47143,40764.72857,42164.71429,37054.08571,1877.18,1867.48,1884.32,1860.36
30/05/2021,37246.27143,37126.98571,38730.42857,35611.57143,1900.258333,1896.35,1905.416667,1887.916667
06/06/2021,36993.65714,36968.37143,37904.15714,35906.04286,1898.27,1899.96,1911.14,1883.61
13/06/2021,36125.74286,35665.45714,37081.02857,34412.37143,1892.94,1896.72,1904.14,1881.32
20/06/2021,37721.54286,38204.68571,38774.54286,37039.81429,1825.5,1838.92,1848.18,1806.44
27/06/2021,33047.65714,33178.32857,34322.17143,31537,1779.64,1776.1,1790.44,1770.94
04/07/2021,34691.54286,34714.97143,35295.92857,33945.9,1777.066667,1776.5,1784.55,1766.633333
11/07/2021,33725.98571,33892.55714,34573.11429,33135.88571,1799.68,1795.6,1810.61,1790.73
18/07/2021,32186.94286,32534.22857,32990.85714,31583.25714,1816.96,1816.58,1825.56,1804.94
25/07/2021,32566.17143,32165.02857,33073,31499.28571,1806.24,1809.46,1815.48,1795.1
01/08/2021,40057.71429,39413.91429,41241.94286,38405.14286,1812.16,1810.04,1821.68,1802.5
08/08/2021,41313.28571,40763.42857,42109.17143,39576.85714,1804.56,1813.82,1820.44,1797.04
15/08/2021,46261.57143,45795.42857,47051.02857,44635.85714,1748.3,1746.94,1760.66,1723.32
22/08/2021,47087.28571,46768.28571,48130.97143,45929.85714,1785.82,1786.02,1794.12,1777.5
29/08/2021,48552.01429,48618.3,49587.32857,47542.37143,1804.1,1796.42,1809.78,1786.22
05/09/2021,49137.28571,48714.14286,50012.1,48020.28571,1820.258333,1818.4,1826.683333,1811.841667
12/09/2021,46860.14286,47673.42857,48536.2,45472.15714,1801.95,1809.33,1815.59,1794.75
19/09/2021,47257.14286,47090.57143,48051.85714,46106.71429,1780.88,1788.26,1796.88,1769.86
26/09/2021,42985.65714,43557.58571,44568.18571,41331.85714,1764.46,1761.52,1774.94,1748.58
03/10/2021,44673,43954.64286,45685.71429,43315.57143,1745.56,1743.8,1758.28,1733.06
10/10/2021,53355.42857,52430,54330.68571,51634.42857,1761.38,1762.94,1771.72,1749.46
17/10/2021,58893.92857,57916.92857,59791.5,56536.71429,1775.18,1772.46,1785.62,1762.2
24/10/2021,62473.71429,62571.28571,63937,60909.87143,1779.86,1773.58,1790.78,1770.2
31/10/2021,61120.68571,61051.54286,62651.67143,59594.27143,1797.1,1799.62,1807.58,1785.16
07/11/2021,62039.18571,61763.45714,62974.94286,60551.41429,1791.88,1786.36,1801,1776.14
14/11/2021,65464.14286,65145.44286,66630.17143,63731.15714,1847.9,1839.56,1854.76,1830.08
21/11/2021,59677.87143,60620.58571,61426.57143,58409.38571,1860.78,1863.88,1872.9,1852.28
28/11/2021,56617.33333,57563.66667,58345.06667,55705.33333,1790.833333,1815.666667,1819.716667,1787.4