Date,OpenBTC,HighBTC,LowBTC,CloseBTC,VolumeBTC,OpenGold,HighGold,LowGold,CloseGold,VolumeGold
2010-07-25,0.09999999999999999,0.09999999999999999,0.09999999999999999,0.09999999999999999,1145.857142857143,1188.84,1192.58,1185.6,1189.6,29.4
2010-08-01,0.09999999999999999,0.09999999999999999,0.09999999999999999,0.09999999999999999,3763.285714285714,1171.6799999999998,1175.78,1165.84,1170.3,11983.4
2010-08-08,0.09999999999999999,0.09999999999999999,0.09999999999999999,0.09999999999999999,4023.285714285714,1188.3200000000002,1199.16,1185.26,1192.58,946.2
2010-08-15,0.09999999999999999,0.09999999999999999,0.09999999999999999,0.09999999999999999,6217.571428571428,1204.48,1211.1200000000001,1199.06,1204.8200000000002,429.8
2010-08-22,0.09999999999999999,0.09999999999999999,0.09999999999999999,0.09999999999999999,8700.714285714286,1226.7,1230.96,1222.3600000000001,1228.3600000000001,157.4
2010-08-29,0.09999999999999999,0.09999999999999999,0.09999999999999999,0.09999999999999999,5352.142857142857,1231.84,1237.7600000000002,1226.98,1233.92,158.0
2010-09-05,0.09999999999999999,0.09999999999999999,0.08571428571428572,0.09999999999999999,11006.857142857143,1242.72,1248.3,1239.5,1246.48,79.2
2010-09-12,0.09999999999999999,0.09999999999999999,0.09999999999999999,0.09999999999999999,3132.714285714286,1252.3000000000002,1256.05,1246.6750000000002,1251.5749999999998,15.75
2010-09-19,0.09999999999999999,0.11428571428571428,0.09999999999999999,0.09999999999999999,7954.285714285715,1261.8600000000001,1268.8,1259.98,1265.8,46.0
2010-09-26,0.09999999999999999,0.09999999999999999,0.09999999999999999,0.09999999999999999,8857.714285714286,1287.92,1291.58,1284.6399999999999,1286.38,36.4
2010-10-03,0.09999999999999999,0.09999999999999999,0.09999999999999999,0.09999999999999999,10168.714285714286,1302.18,1310.84,1298.7,1307.14,1525.0
2010-10-10,0.09999999999999999,0.09999999999999999,0.08571428571428572,0.09999999999999999,73780.85714285714,1330.34,1344.1599999999999,1322.92,1335.76,169.6
2010-10-17,0.09999999999999999,0.09999999999999999,0.09999999999999999,0.09999999999999999,24811.14285714286,1360.4,1369.2400000000002,1355.74,1363.2599999999998,143.6
2010-10-24,0.09999999999999999,0.1142857142857143,0.09999999999999999,0.09999999999999999,23064.14285714286,1346.34,1352.6399999999999,1331.44,1339.7400000000002,142.0
2010-10-31,0.17142857142857143,0.19999999999999998,0.17142857142857143,0.1857142857142857,33197.71428571428,1336.7800000000002,1346.88,1329.04,1339.5400000000002,148.6
2010-11-07,0.24285714285714288,0.31428571428571433,0.19999999999999998,0.2571428571428572,37840.0,1365.56,1373.3600000000001,1356.1,1364.7400000000002,82.0
2010-11-14,0.24285714285714285,0.2857142857142857,0.21428571428571427,0.24285714285714288,40155.142857142855,1399.9,1412.3799999999999,1382.28,1396.0399999999997,86.6
2010-11-21,0.27142857142857146,0.3,0.2571428571428572,0.27142857142857146,18619.14285714286,1351.46,1355.56,1341.66,1349.7199999999998,37.4
2010-11-28,0.3,0.3,0.3,0.3,13345.285714285714,1369.25,1371.0,1368.025,1367.6000000000001,4.75
2010-12-05,0.24285714285714285,0.2571428571428572,0.19999999999999998,0.2285714285714286,17410.285714285714,1378.0400000000002,1393.94,1373.22,1386.44,22901.2
2010-12-12,0.19999999999999998,0.19999999999999998,0.19999999999999998,0.19999999999999998,9016.42857142857,1402.1,1409.9,1386.72,1396.5000000000002,960.4
2010-12-19,0.21428571428571427,0.21428571428571427,0.19999999999999998,0.21428571428571427,5362.857142857143,1387.5399999999997,1392.66,1376.6599999999999,1387.08,233.8
2010-12-26,0.24285714285714285,0.3,0.19999999999999998,0.2571428571428572,7811.428571428572,1385.4250000000002,1388.65,1379.175,1385.125,99.25
2011-01-02,0.3,0.3,0.3,0.3,7307.142857142857,1397.2400000000002,1407.52,1395.0000000000002,1405.4800000000002,224.2
2011-01-09,0.3,0.3,0.3,0.3,7576.857142857143,1391.22,1394.5,1375.6200000000001,1382.8799999999999,141.6
2011-01-16,0.32857142857142857,0.3714285714285714,0.32857142857142857,0.34285714285714286,14017.0,1377.6200000000001,1382.5,1369.1399999999999,1378.1399999999999,143.2
2011-01-23,0.35714285714285715,0.3714285714285714,0.34285714285714286,0.3571428571428571,11606.714285714286,1361.6,1365.125,1352.4499999999998,1356.45,44.0
2011-01-30,0.39999999999999997,0.41428571428571426,0.39999999999999997,0.41428571428571426,10522.285714285714,1335.7,1342.8200000000002,1326.26,1333.7800000000002,14688.2
2011-02-06,0.6857142857142857,0.8714285714285717,0.6714285714285714,0.7428571428571429,25140.428571428572,1341.3,1349.72,1329.1,1341.1,4131.2
2011-02-13,1.0,1.0428571428571427,0.8857142857142858,1.0142857142857142,15162.42857142857,1357.6200000000001,1364.1200000000001,1352.06,1359.52,897.2
2011-02-20,0.9857142857142858,1.0142857142857145,0.9142857142857143,0.9714285714285715,11091.0,1370.9599999999998,1380.02,1369.5,1377.1599999999999,173.8
2011-02-27,0.9142857142857144,0.9571428571428572,0.8714285714285716,0.9142857142857144,9486.714285714286,1402.425,1412.2,1400.55,1409.475,291.75
2011-03-06,0.9000000000000001,0.9142857142857144,0.8571428571428571,0.9000000000000001,8660.0,1421.94,1430.5400000000002,1416.9,1424.28,445.0
2011-03-13,0.9000000000000001,0.9000000000000001,0.8714285714285717,0.9000000000000001,6060.428571428572,1427.8600000000001,1433.14,1417.72,1424.8,191.0
2011-03-20,0.8571428571428571,0.8714285714285713,0.7857142857142858,0.8285714285714285,7572.428571428572,1405.08,1411.62,1398.78,1406.6200000000001,29.8
2011-03-27,0.8285714285714285,0.8714285714285716,0.7857142857142857,0.8428571428571429,9289.57142857143,1433.96,1437.3,1433.3799999999999,1430.5,35.0
2011-04-03,0.7999999999999999,0.8142857142857142,0.7999999999999999,0.7999999999999999,5212.142857142857,1420.92,1427.6799999999998,1414.98,1425.3200000000002,12113.0
2011-04-10,0.7428571428571429,0.7857142857142856,0.6714285714285715,0.7285714285714285,13728.142857142857,1448.2399999999998,1459.44,1444.5,1454.72,1165.8
2011-04-17,0.9,1.0,0.8857142857142858,0.9571428571428571,34424.857142857145,1465.44,1473.74,1456.8,1466.44,349.6
2011-04-24,1.2714285714285711,1.457142857142857,1.2142857142857142,1.342857142857143,32607.714285714286,1494.325,1502.6000000000001,1490.55,1497.075,360.25
2011-05-01,2.2142857142857144,2.7571428571428567,1.985714285714286,2.414285714285714,48513.71428571428,1517.84,1528.3600000000001,1513.38,1523.02,242.0
2011-05-08,3.342857142857143,3.614285714285714,3.2857142857142856,3.4714285714285715,18551.714285714286,1527.6599999999999,1535.6200000000001,1504.02,1516.76,199.0
2011-05-15,5.814285714285715,6.799999999999999,5.085714285714286,6.257142857142857,41388.142857142855,1505.9,1513.56,1495.98,1504.1200000000001,22.8
2011-05-22,6.8,7.442857142857142,6.314285714285715,6.757142857142858,32681.285714285714,1493.2,1497.7,1487.76,1493.36,45.4
2011-05-29,7.8999999999999995,8.457142857142857,7.6571428571428575,8.142857142857142,27346.428571428572,1520.92,1525.46,1518.58,1524.8400000000001,15365.0
2011-06-05,11.328571428571431,13.071428571428571,10.714285714285714,12.514285714285716,41390.71428571428,1537.1,1545.625,1526.775,1538.0,3098.25
2011-06-12,22.314285714285713,26.47142857142857,18.057142857142857,22.571428571428573,91705.42857142857,1542.38,1548.14,1534.2599999999998,1539.72,926.0
2011-06-19,18.099999999999998,19.87142857142857,16.428571428571427,17.957142857142856,51547.142857142855,1523.8600000000001,1533.08,1516.8799999999999,1526.4599999999998,408.2
2011-06-26,17.5,17.5,17.0,17.357142857142858,2150.5714285714284,1539.04,1544.78,1526.56,1532.2,200.6
2011-07-03,16.3,16.842857142857145,15.685714285714285,16.142857142857146,25912.0,1504.24,1507.3799999999999,1493.94,1498.0400000000002,167.8
2011-07-10,14.357142857142858,15.557142857142859,13.371428571428572,14.285714285714288,56384.0,1515.0500000000002,1530.875,1512.475,1528.1,82.0
2011-07-17,14.071428571428571,14.242857142857142,13.614285714285714,13.828571428571431,25710.714285714286,1568.16,1578.1599999999999,1564.3600000000001,1574.94,15.6
2011-07-24,13.614285714285714,14.014285714285714,13.314285714285713,13.728571428571428,36559.0,1594.34,1603.6799999999998,1586.72,1597.56,24.2
2011-07-31,13.771428571428572,14.142857142857142,13.471428571428572,13.685714285714287,21672.0,1614.1599999999999,1623.1799999999998,1610.0400000000002,1617.06,15428.4
2011-08-07,10.728571428571428,11.485714285714286,9.085714285714285,9.942857142857141,63197.28571428572,1642.0400000000002,1662.52,1631.6,1645.86,2026.0
2011-08-14,9.257142857142856,10.357142857142858,8.642857142857144,9.671428571428573,49480.28571428572,1740.2600000000002,1774.4600000000003,1719.2599999999998,1744.1,1476.8
2011-08-21,11.085714285714285,11.485714285714286,10.928571428571429,11.157142857142857,19563.714285714286,1779.78,1809.94,1776.6600000000003,1799.3799999999999,536.2
2011-08-28,10.071428571428571,10.471428571428572,9.328571428571431,9.757142857142858,34605.0,1825.5,1851.8399999999997,1782.3800000000003,1811.0,738.0
2011-09-04,8.628571428571428,8.771428571428572,8.242857142857142,8.5,15487.142857142857,1818.02,1841.8200000000002,1804.7800000000002,1828.6600000000003,334.8
2011-09-11,6.6,7.171428571428571,5.685714285714285,6.271428571428571,85790.57142857143,1863.15,1884.15,1830.45,1848.725,334.0
2011-09-18,5.3999999999999995,5.6571428571428575,4.971428571428572,5.3,44884.28571428572,1819.6,1833.22,1793.4800000000002,1810.1599999999999,128.8
2011-09-25,5.557142857142857,5.8999999999999995,5.242857142857143,5.571428571428571,49928.857142857145,1782.4,1789.8399999999997,1741.56,1753.0400000000002,45.0
2011-10-02,4.971428571428571,5.142857142857143,4.757142857142857,4.928571428571429,28687.428571428572,1635.0,1650.08,1612.1,1619.06,1540.8
2011-10-09,4.7,4.771428571428571,4.385714285714286,4.571428571428571,40074.28571428572,1643.5400000000002,1660.6599999999999,1617.52,1639.48,95.6
2011-10-16,4.0285714285714285,4.142857142857143,3.8285714285714283,3.957142857142857,35059.42857142857,1667.9199999999996,1682.98,1658.22,1671.94,89.6
2011-10-23,2.7142857142857144,2.957142857142857,2.3714285714285714,2.657142857142857,96598.42857142857,1655.6399999999999,1662.0,1634.1200000000001,1644.0400000000002,54.4
2011-10-30,3.0142857142857147,3.2714285714285714,2.7857142857142856,3.028571428571429,66333.71428571429,1695.6,1715.14,1688.7,1713.3400000000001,196.0
2011-11-06,3.2,3.242857142857143,3.014285714285714,3.1571428571428575,33630.71428571428,1734.0800000000004,1746.1200000000001,1720.6399999999999,1736.6799999999998,187.8
2011-11-13,2.985714285714286,3.0714285714285716,2.9285714285714284,2.9857142857142853,35044.857142857145,1778.8,1786.4,1772.0800000000004,1785.2,19.8
2011-11-20,2.371428571428571,2.557142857142857,2.1,2.2571428571428567,125180.28571428571,1763.2,1766.1800000000003,1746.2,1755.5600000000002,35.0
2011-11-27,2.357142857142857,2.442857142857143,2.3285714285714287,2.3999999999999995,43778.42857142857,1690.3249999999998,1694.475,1676.675,1690.425,21.0
2011-12-04,2.8285714285714287,2.971428571428571,2.7,2.8714285714285714,97363.0,1725.58,1738.92,1718.1600000000003,1730.4,16533.2
2011-12-11,2.957142857142857,3.0714285714285716,2.9,3.0285714285714285,57350.71428571428,1731.3799999999999,1739.86,1710.5600000000002,1724.42,642.8
2011-12-18,3.214285714285714,3.2428571428571424,3.1285714285714286,3.1999999999999997,33182.0,1631.5,1641.64,1600.78,1615.72,540.8
2011-12-25,3.7714285714285714,4.085714285714286,3.642857142857143,3.914285714285714,78375.42857142857,1605.84,1615.6399999999999,1600.4200000000003,1607.1,201.2
2012-01-01,4.242857142857143,4.542857142857143,4.114285714285714,4.4,69314.28571428571,1573.15,1581.6,1556.6999999999998,1565.7,314.75
2012-01-08,5.914285714285714,6.442857142857143,5.585714285714286,6.171428571428572,118782.71428571429,1599.7,1618.7,1594.225,1611.775,195.75
2012-01-15,6.67142857142857,7.0,6.257142857142859,6.6571428571428575,108933.42857142857,1630.6200000000001,1640.8,1627.8200000000002,1631.08,114.4
2012-01-22,6.328571428571428,6.714285714285714,5.8,6.228571428571429,122002.42857142857,1653.375,1661.7,1650.6000000000001,1658.1249999999998,23.25
2012-01-29,5.857142857142857,6.0,5.557142857142856,5.728571428571429,80304.42857142857,1694.56,1703.5,1687.6,1700.02,56.0
2012-02-05,5.785714285714286,5.957142857142856,5.571428571428571,5.828571428571429,65843.71428571429,1742.1800000000003,1752.22,1728.42,1742.1200000000001,13119.8
2012-02-12,5.671428571428572,5.857142857142857,5.471428571428572,5.642857142857144,97404.14285714286,1731.6200000000001,1744.3799999999999,1717.4399999999998,1732.1599999999999,464.0
2012-02-19,4.642857142857144,4.885714285714286,4.285714285714286,4.485714285714287,152128.42857142858,1724.1200000000001,1731.6799999999998,1716.56,1723.3,85.2
2012-02-26,4.614285714285714,4.842857142857143,4.500000000000001,4.685714285714286,86179.42857142857,1761.825,1777.1499999999999,1756.9750000000001,1771.775,175.75
2012-03-04,4.8428571428571425,4.928571428571429,4.700000000000001,4.828571428571428,56064.57142857143,1750.6,1760.6,1721.7600000000002,1740.08,232.2
2012-03-11,4.8999999999999995,5.014285714285713,4.814285714285715,4.9142857142857155,45407.71428571428,1695.08,1702.1200000000001,1680.3200000000002,1693.3399999999997,202.0
2012-03-18,5.185714285714286,5.314285714285714,5.1571428571428575,5.242857142857142,49716.71428571428,1677.94,1682.8799999999999,1659.7399999999998,1670.0,213.6
2012-03-25,4.814285714285715,4.885714285714286,4.571428571428571,4.714285714285714,74927.85714285714,1653.52,1658.9600000000003,1644.06,1653.64,331.0
2012-04-01,4.771428571428571,4.8428571428571425,4.6571428571428575,4.799999999999999,47116.28571428572,1669.06,1677.6599999999999,1662.1,1669.94,11473.6
2012-04-08,4.871428571428572,4.957142857142856,4.799999999999999,4.871428571428572,60731.857142857145,1653.825,1660.625,1633.525,1647.075,1276.75
2012-04-15,4.885714285714285,4.942857142857143,4.8,4.914285714285714,56585.0,1656.48,1664.5399999999997,1645.48,1659.92,492.6
2012-04-22,5.1000000000000005,5.242857142857142,5.028571428571429,5.128571428571429,55673.0,1647.9600000000003,1652.3600000000001,1637.8399999999997,1644.1,238.0
2012-04-29,5.085714285714286,5.142857142857143,4.942857142857143,5.042857142857143,50435.42857142857,1646.1800000000003,1652.08,1639.7400000000002,1647.98,151.6
2012-05-06,5.028571428571429,5.114285714285714,4.985714285714286,5.057142857142858,43657.57142857143,1654.8200000000002,1658.6399999999999,1644.7400000000002,1651.48,51.4
2012-05-13,5.0,5.057142857142857,4.914285714285714,4.971428571428571,45906.142857142855,1610.0400000000002,1611.2,1598.6799999999998,1603.0,43.4
2012-05-20,5.042857142857144,5.085714285714286,5.028571428571429,5.071428571428571,41058.57142857143,1556.0800000000002,1566.52,1548.2999999999997,1563.9399999999998,27.2
2012-05-27,5.114285714285714,5.171428571428571,5.1000000000000005,5.114285714285714,31085.714285714286,1564.6,1572.1599999999999,1560.7000000000003,1567.78,19.0
2012-06-03,5.185714285714285,5.242857142857143,5.128571428571428,5.200000000000001,34398.0,1562.825,1588.525,1550.6000000000001,1573.775,22153.25
2012-06-10,5.457142857142857,5.557142857142857,5.385714285714286,5.5,48468.28571428572,1614.9,1622.28,1597.36,1607.3799999999999,902.8
2012-06-17,5.928571428571429,6.1571428571428575,5.814285714285715,6.028571428571429,57737.0,1611.16,1619.92,1602.2599999999998,1614.3399999999997,563.0
2012-06-24,6.485714285714286,6.628571428571429,6.3428571428571425,6.499999999999999,45374.0,1607.8799999999999,1609.8400000000001,1592.22,1598.6399999999999,92.6
2012-07-01,6.528571428571429,6.628571428571429,6.428571428571429,6.571428571428572,37663.28571428572,1572.3399999999997,1583.3,1562.4,1578.44,75.2
2012-07-08,6.642857142857143,6.785714285714286,6.542857142857144,6.671428571428571,40236.57142857143,1602.925,1608.825,1594.625,1601.4499999999998,30.25
2012-07-15,7.314285714285715,7.542857142857144,7.157142857142857,7.428571428571429,49524.142857142855,1579.1600000000003,1586.0399999999997,1569.76,1579.92,19.8
2012-07-22,8.614285714285714,9.185714285714285,8.014285714285716,8.728571428571428,113291.28571428571,1585.4599999999998,1588.1399999999999,1577.3,1582.6600000000003,25.8
2012-07-29,8.7,8.942857142857141,8.471428571428573,8.742857142857144,48392.28571428572,1591.5399999999997,1597.22,1590.92,1598.8,18.8
2012-08-05,9.9,10.4,9.599999999999998,10.214285714285714,71150.71428571429,1609.34,1618.32,1596.6600000000003,1605.4599999999998,12862.0
2012-08-12,11.142857142857142,11.485714285714284,10.957142857142859,11.242857142857142,48889.142857142855,1610.8600000000001,1617.1600000000003,1606.06,1614.46,620.8
2012-08-19,12.257142857142854,13.057142857142859,11.042857142857141,11.742857142857144,114308.57142857143,1609.3200000000002,1615.48,1600.42,1609.02,408.0
2012-08-26,9.857142857142858,10.428571428571429,9.614285714285714,10.228571428571428,78108.14285714286,1639.6199999999997,1651.1599999999999,1637.3600000000001,1647.36,105.6
2012-09-02,10.614285714285714,10.971428571428572,10.200000000000001,10.557142857142859,61533.28571428572,1663.2,1673.14,1657.0400000000002,1667.36,121.2
2012-09-09,10.757142857142856,10.999999999999998,10.528571428571428,10.87142857142857,37063.857142857145,1693.1499999999999,1710.4750000000001,1692.8,1705.9499999999998,68.25
2012-09-16,11.4,11.571428571428571,11.2,11.528571428571428,39467.71428571428,1742.2,1750.7599999999998,1737.64,1746.0,17.8
2012-09-23,12.22857142857143,12.428571428571429,11.957142857142856,12.271428571428572,33250.57142857143,1774.3,1775.2599999999998,1764.02,1769.6599999999999,24.2
2012-09-30,12.271428571428572,12.385714285714286,12.099999999999998,12.299999999999999,20410.571428571428,1765.3799999999999,1772.28,1758.1,1765.0400000000002,1969.0
2012-10-07,12.657142857142857,12.857142857142858,12.357142857142858,12.571428571428571,38000.42857142857,1778.3600000000001,1787.44,1773.6799999999998,1780.64,300.0
2012-10-14,11.928571428571429,12.114285714285714,11.6,11.914285714285715,35507.42857142857,1769.64,1771.8799999999999,1760.48,1765.3,40.0
2012-10-21,11.785714285714286,11.957142857142857,11.599999999999998,11.77142857142857,24055.0,1745.2600000000002,1747.0600000000002,1734.8,1739.6599999999999,51.2
2012-10-28,11.128571428571428,11.414285714285715,10.685714285714285,11.0,52527.28571428572,1713.56,1719.64,1707.9599999999998,1711.36,44.8
2012-11-04,10.728571428571428,10.942857142857141,10.457142857142856,10.742857142857144,30371.571428571428,1713.8200000000002,1717.4599999999998,1703.9199999999996,1704.78,103.8
2012-11-11,10.857142857142858,11.0,10.742857142857142,10.871428571428572,21058.14285714286,1706.0400000000002,1718.2600000000002,1701.98,1713.0399999999997,27.2
2012-11-18,11.214285714285712,11.442857142857141,11.099999999999998,11.314285714285713,29327.285714285714,1722.3400000000001,1725.9,1717.3799999999999,1722.3200000000002,11.0
2012-11-25,12.014285714285714,12.185714285714285,11.885714285714286,12.142857142857142,27501.285714285714,1728.3,1730.725,1726.275,1734.1000000000001,14.0
2012-12-02,12.428571428571427,12.557142857142859,12.185714285714287,12.428571428571429,25622.85714285714,1736.2600000000002,1739.3799999999999,1727.4,1729.2599999999998,13865.4
2012-12-09,13.171428571428573,13.428571428571427,12.928571428571429,13.3,34357.57142857143,1704.7599999999998,1710.2599999999998,1692.3,1702.14,924.4
2012-12-16,13.557142857142855,13.728571428571428,13.271428571428572,13.542857142857143,34668.71428571428,1705.9599999999998,1711.9599999999998,1700.48,1705.8399999999997,136.6
2012-12-23,13.414285714285715,13.557142857142855,13.157142857142857,13.414285714285715,31818.571428571428,1676.6200000000001,1681.0,1657.7,1667.4,175.6
2012-12-30,13.400000000000002,13.528571428571427,13.257142857142856,13.414285714285715,18178.0,1658.1,1664.15,1654.825,1658.975,137.75
2013-01-06,13.400000000000002,13.528571428571427,13.299999999999999,13.400000000000002,20452.571428571428,1665.3249999999998,1679.0,1653.2749999999999,1671.125,115.75
2013-01-13,13.842857142857142,14.1,13.72857142857143,13.942857142857141,36341.42857142857,1661.6799999999998,1665.6799999999998,1653.8799999999999,1659.8200000000002,46.2
2013-01-20,14.885714285714286,15.285714285714286,14.728571428571428,15.114285714285714,43051.42857142857,1675.0399999999997,1685.0400000000002,1673.6799999999998,1682.4,27.2
2013-01-27,17.071428571428573,17.87142857142857,16.242857142857144,17.371428571428574,69038.57142857143,1681.35,1683.275,1674.55,1676.25,25.0
2013-02-03,19.457142857142856,20.342857142857145,18.971428571428568,19.857142857142858,64672.28571428572,1662.9,1672.28,1658.28,1664.6,10857.2
2013-02-10,21.6,22.314285714285713,21.257142857142856,22.08571428571429,48699.142857142855,1672.58,1678.6,1664.8,1672.36,388.6
2013-02-17,25.642857142857142,26.685714285714287,24.528571428571432,26.042857142857144,69605.0,1647.3600000000001,1650.3,1631.7,1636.92,373.6
2013-02-24,28.95714285714286,29.857142857142858,28.342857142857138,29.400000000000002,52126.857142857145,1590.8,1597.625,1572.075,1582.9499999999998,661.25
2013-03-03,32.07142857142857,33.199999999999996,31.600000000000005,32.728571428571435,45086.57142857143,1592.22,1601.0,1579.92,1589.2400000000002,234.6
2013-03-10,40.714285714285715,44.5,39.10000000000001,42.357142857142854,77700.0,1578.92,1582.7199999999998,1568.7200000000003,1574.5399999999997,71.0
2013-03-17,46.68571428571429,47.82857142857142,44.5,46.885714285714286,51699.57142857143,1584.8600000000001,1590.72,1581.34,1588.14,363.6
2013-03-24,61.08571428571428,67.51428571428572,56.84285714285714,64.52857142857142,90020.57142857143,1610.56,1611.56,1607.3600000000001,1608.6799999999998,185.6
2013-03-31,83.05714285714285,89.25714285714285,79.57142857142857,86.12857142857142,70070.0,1601.5249999999999,1604.5749999999998,1593.9499999999998,1600.35,13799.75
2013-04-07,123.85714285714288,138.17142857142855,118.55714285714285,133.7571428571429,80108.14285714286,1576.44,1583.48,1561.4599999999998,1571.02,1432.2
2013-04-14,154.2428571428571,181.3857142857143,112.64285714285714,143.9142857142857,212872.42857142858,1569.94,1576.6799999999998,1545.92,1556.3600000000001,525.2
2013-04-21,98.28571428571429,113.88571428571429,85.89999999999999,102.45714285714287,248612.85714285713,1395.24,1419.8600000000001,1354.7599999999998,1383.3799999999999,463.6
2013-04-28,135.84285714285713,145.91428571428568,125.17142857142858,138.0142857142857,115037.42857142857,1431.98,1446.56,1423.48,1433.6799999999998,278.4
2013-05-05,121.61428571428571,129.58571428571426,105.72857142857143,118.98571428571428,144703.0,1466.8200000000002,1477.5,1455.64,1463.5800000000002,249.2
2013-05-12,113.88571428571429,118.3,108.38571428571427,113.71428571428571,72076.0,1462.48,1470.16,1446.94,1459.3200000000002,160.2
2013-05-19,117.61428571428573,121.35714285714286,113.91428571428571,118.71428571428571,57071.42857142857,1414.5800000000002,1419.3799999999999,1393.92,1401.5399999999997,173.6
2013-05-26,126.08571428571429,128.81428571428572,124.34285714285714,127.65714285714286,22871.285714285714,1376.8000000000002,1392.3,1366.1,1381.7,29.2
2013-06-02,130.21428571428572,131.5857142857143,124.55714285714285,128.64285714285714,33949.28571428572,1392.5099999999998,1403.7099999999998,1385.55,1394.0900000000001,10237.6
2013-06-09,117.77142857142857,119.27142857142859,110.22857142857143,114.61428571428571,46000.857142857145,1402.1399999999999,1415.9,1388.48,1401.18,1196.4
2013-06-16,104.02857142857142,107.57142857142857,99.71428571428571,103.95714285714284,27975.428571428572,1381.7400000000002,1389.0600000000002,1373.3000000000002,1383.98,382.2
2013-06-23,106.62857142857145,110.74285714285715,104.71428571428574,107.77142857142857,27552.428571428572,1354.0,1358.9599999999998,1327.08,1340.1,365.2
2013-06-30,101.24285714285715,104.01428571428572,97.39999999999999,99.75714285714285,33207.0,1255.6200000000001,1266.22,1231.84,1243.2800000000002,481.4
2013-07-07,81.87142857142858,85.55714285714285,74.32857142857142,78.87142857142855,56163.857142857145,1247.97,1259.15,1233.81,1242.31,69.6
2013-07-14,85.5,91.47142857142856,82.02857142857144,88.05714285714285,47928.857142857145,1253.0,1264.18,1249.3200000000002,1257.22,34.6
2013-07-21,94.39999999999999,97.38571428571429,90.91428571428571,94.05714285714285,24813.14285714286,1284.94,1292.48,1279.8200000000002,1286.0800000000002,15.6
2013-07-28,94.5142857142857,96.81428571428572,92.89999999999999,95.48571428571427,19903.0,1327.8,1336.58,1320.8799999999999,1328.3799999999999,38.2
2013-08-04,103.98571428571428,107.2,101.74285714285715,104.88571428571429,22270.428571428572,1322.16,1328.5,1307.88,1317.28,10807.2
2013-08-11,104.75714285714285,106.27142857142857,103.32857142857144,104.74285714285713,12112.142857142857,1299.14,1308.24,1288.24,1299.1,827.6
2013-08-18,109.39999999999999,112.42857142857143,107.60000000000001,110.6,20172.0,1334.74,1353.2599999999998,1327.2,1344.6399999999999,252.8
2013-08-25,119.50000000000001,123.24285714285713,117.75714285714287,120.74285714285715,22545.85714285714,1369.06,1383.46,1363.14,1375.36,125.6
2013-09-01,130.0857142857143,136.81428571428572,128.79999999999998,133.5,25341.714285714286,1408.8600000000001,1415.8600000000001,1400.38,1408.3200000000002,218.8
2013-09-08,135.37142857142857,139.44285714285715,129.84285714285713,132.55714285714285,17734.285714285714,1390.1799999999998,1402.6,1377.0,1391.0800000000002,66.4
2013-09-15,135.84285714285716,141.92857142857142,132.81428571428572,137.55714285714285,19443.14285714286,1363.2,1363.22,1345.7000000000003,1350.7199999999998,56.6
2013-09-22,137.21428571428572,139.29999999999998,134.28571428571428,136.6,10398.857142857143,1328.78,1342.1799999999998,1321.34,1327.42,39.4
2013-09-29,136.52857142857144,140.0142857142857,135.44285714285715,137.94285714285715,12789.714285714286,1325.54,1334.02,1320.9199999999998,1328.1599999999999,637.0
2013-10-06,136.22857142857146,139.9857142857143,129.31428571428572,135.35714285714286,28454.285714285714,1318.1,1328.7400000000002,1298.8,1312.04,363.8
2013-10-13,139.0,141.88571428571427,137.82857142857142,140.3857142857143,10800.142857142857,1309.64,1315.36,1295.42,1304.1,116.0
2013-10-20,159.82857142857142,169.27142857142854,156.05714285714288,165.34285714285716,28138.714285714286,1290.98,1300.28,1283.0,1293.7,98.4
2013-10-27,200.48571428571427,211.35714285714286,186.35714285714286,203.45714285714286,36657.857142857145,1328.66,1339.3600000000001,1328.6,1338.94,26.4
2013-11-03,210.58571428571432,216.3571428571429,206.68571428571428,213.02857142857144,8983.57142857143,1342.3,1346.8799999999999,1334.78,1336.58,31.4
2013-11-10,287.14285714285717,317.15714285714284,271.9857142857143,303.1857142857143,50986.142857142855,1314.6,1317.6599999999999,1302.16,1306.64,59.8
2013-11-17,406.2142857142857,447.41428571428565,393.3,433.64285714285717,25918.428571428572,1281.1599999999999,1285.28,1276.04,1278.78,14.0
2013-11-24,713.8285714285713,812.8714285714286,614.3,751.9285714285714,54130.42857142857,1263.3600000000001,1264.6200000000001,1252.6,1258.2,61.4
2013-12-01,1026.9857142857143,1119.4142857142858,938.7142857142857,1056.9,38139.42857142857,1238.2800000000002,1247.66,1235.48,1242.94,18310.8
2013-12-08,1020.2571428571429,1089.542857142857,867.1857142857143,991.6285714285714,44788.28571428572,1232.88,1242.22,1215.58,1231.1399999999999,2042.4
2013-12-15,917.4714285714286,987.3142857142856,855.7857142857144,934.0285714285712,18304.14285714286,1242.26,1253.3,1233.6399999999999,1243.58,487.2
2013-12-22,708.3285714285714,761.7428571428571,602.3571428571429,668.2714285714285,41490.28571428572,1224.8799999999999,1234.1,1211.36,1222.58,141.2
2013-12-29,732.8285714285714,777.3142857142857,699.5142857142857,753.6142857142858,12735.57142857143,1206.375,1211.3000000000002,1203.4,1208.425,182.25
2014-01-05,839.6428571428571,885.5857142857143,819.8,872.4571428571428,12648.714285714286,1208.2,1219.92,1201.04,1214.7599999999998,165.2
2014-01-12,963.7428571428572,1009.6,904.7,953.0428571428572,14530.857142857143,1232.08,1238.54,1225.26,1233.7,90.8
2014-01-19,919.5142857142856,947.5571428571429,894.7857142857141,921.6571428571427,7185.714285714285,1244.74,1248.8600000000001,1240.82,1245.18,60.0
2014-01-26,949.3857142857142,978.9714285714284,929.9999999999999,956.842857142857,7314.285714285715,1249.46,1258.2,1245.34,1252.7,72.0
2014-02-02,947.0714285714284,968.742857142857,923.4428571428572,939.4,5727.714285714285,1258.1,1261.44,1250.08,1251.8200000000002,10241.6
2014-02-09,841.3571428571429,857.6857142857144,775.6714285714287,799.4000000000002,18032.0,1254.22,1267.8200000000002,1250.7,1258.06,1397.0
2014-02-16,514.6428571428571,561.7,406.5857142857143,463.24285714285713,44245.142857142855,1285.82,1297.94,1282.8,1295.92,525.8
2014-02-23,229.5285714285714,308.7571428571428,183.82857142857142,231.0142857142857,61044.71428571428,1319.1200000000001,1327.24,1314.22,1322.9599999999998,170.6
2014-03-02,420.12857142857143,499.62857142857143,387.40000000000003,453.61428571428576,18340.285714285714,1332.2,1338.9,1325.1599999999999,1332.5,209.6
2014-03-09,628.7285714285714,661.1285714285714,607.2857142857143,640.5,1772.5714285714287,1341.72,1349.96,1332.48,1343.58,100.0
2014-03-16,618.7285714285715,631.0857142857143,607.4142857142857,617.6,3203.4285714285716,1353.6,1365.7400000000002,1350.72,1361.8799999999999,64.4
2014-03-23,585.6142857142858,594.4857142857144,564.9714285714285,575.9142857142857,3824.8571428571427,1355.06,1356.8,1343.8200000000002,1347.96,39.2
2014-03-30,523.4857142857143,539.1,491.4428571428572,508.5857142857143,3897.285714285714,1310.12,1311.56,1302.08,1302.9,13127.8
2014-04-06,445.25714285714287,468.5571428571429,422.52857142857147,446.5142857142856,3405.5714285714284,1287.1799999999998,1296.1,1281.4,1288.2199999999998,1571.0
2014-04-13,442.7571428571428,469.04285714285714,419.2714285714286,438.74285714285713,4387.571428571428,1307.66,1315.66,1304.3,1310.1999999999998,203.8
2014-04-20,494.7,523.1000000000001,471.91428571428565,504.8285714285715,8015.142857142857,1311.4,1314.925,1299.775,1305.925,216.75
2014-04-27,484.5142857142857,499.3,465.4142857142857,476.6142857142857,6043.571428571428,1288.38,1296.2,1281.66,1288.8,234.4
2014-05-04,447.02857142857135,455.1714285714285,432.40000000000003,445.99999999999994,3696.4285714285716,1292.46,1298.76,1284.6799999999998,1295.2400000000002,251.8
2014-05-11,440.5857142857143,451.9857142857143,431.2142857142857,440.18571428571425,2772.285714285714,1300.8200000000002,1302.88,1294.6399999999999,1296.1200000000001,26.8
2014-05-18,443.2,448.9571428571429,440.19999999999993,445.6142857142857,1903.0,1293.24,1298.8200000000002,1290.42,1296.54,19.8
2014-05-25,488.77142857142854,513.6,484.54285714285714,505.95714285714286,2180.5714285714284,1292.1833333333334,1292.4,1291.6166666666668,1292.4,10.166666666666666
2014-06-01,585.4142857142857,606.5,575.8571428571429,596.7571428571428,3969.1428571428573,1271.2400000000002,1273.1600000000003,1264.74,1263.8200000000002,8381.8
2014-06-08,653.7,665.2571428571428,633.0571428571428,653.8714285714286,4024.4285714285716,1247.3200000000002,1252.0400000000002,1242.3200000000002,1247.42,746.0
2014-06-15,626.3857142857142,634.4285714285714,604.8000000000001,616.5714285714286,4527.428571428572,1259.5,1266.3999999999999,1258.6399999999999,1264.2800000000002,301.2
2014-06-22,597.2428571428571,607.5428571428572,591.6571428571427,600.2857142857144,3196.714285714286,1284.22,1294.28,1276.6200000000001,1289.7800000000002,430.2
2014-06-29,590.657142857143,598.5285714285714,581.1857142857143,590.3,3169.8571428571427,1316.0399999999997,1321.28,1313.12,1319.2400000000002,374.2
2014-07-06,630.0142857142857,641.1,619.1714285714286,633.6714285714286,3754.714285714286,1323.44,1328.5,1319.48,1447.4,212.2
2014-07-13,623.6857142857143,629.6,615.4714285714286,623.8714285714286,2952.4285714285716,1326.08,1331.38,1323.48,1482.14,51.0
2014-07-20,623.1142857142856,628.6428571428571,617.2285714285715,622.1142857142858,3110.714285714286,1312.8799999999999,1318.8999999999999,1301.0,1460.74,109.6
2014-07-27,612.6714285714287,616.4714285714284,605.6857142857143,608.9571428571428,3664.5714285714284,1302.7800000000002,1303.68,1302.7800000000002,1459.8200000000002,6.2
2014-08-03,587.6142857142858,594.8000000000001,577.1714285714286,586.742857142857,4141.0,1299.22,1303.1599999999999,1293.12,1453.48,1550.2
2014-08-10,591.1999999999999,596.9571428571428,587.8000000000001,591.657142857143,2696.714285714286,1297.3200000000002,1306.4,1293.3600000000001,1455.3600000000001,651.8
2014-08-17,543.0142857142857,550.6428571428571,513.9142857142857,527.7857142857143,4767.714285714285,1309.38,1313.46,1303.56,1465.44,277.8
2014-08-24,497.32857142857137,513.6142857142858,482.4428571428571,500.7857142857142,4960.142857142857,1292.3200000000002,1293.92,1285.02,1442.8200000000002,191.8
2014-08-31,509.97142857142853,516.1,500.8,505.9857142857143,3841.1428571428573,1309.7166666666667,1311.5166666666667,1307.2333333333333,1413.5666666666666,175.0
2014-09-07,482.42857142857144,491.0571428571429,476.8285714285715,483.0,5982.285714285715,1274.06,1277.8400000000001,1267.0,1395.48,194.4
2014-09-14,478.64285714285717,483.7285714285714,471.5571428571428,477.4857142857142,6376.857142857143,1247.2599999999998,1247.2599999999998,1243.3799999999999,1400.0000000000002,28.8
2014-09-21,445.25714285714287,451.68571428571425,424.7,434.38571428571424,9751.57142857143,1227.1399999999999,1229.6399999999999,1223.8000000000002,1386.5600000000002,8.6
2014-09-28,411.74285714285713,421.25714285714287,399.0857142857143,408.5285714285714,14747.857142857143,1215.2599999999998,1216.58,1214.7599999999998,1374.6200000000001,5.2
2014-10-05,371.54285714285714,379.65714285714284,354.9142857142857,363.5142857142858,19904.714285714286,1213.3,1218.02,1205.1,1365.1200000000001,1575.4
2014-10-12,345.8142857142857,364.6285714285714,336.25714285714287,353.0,26038.714285714286,1241.0,1243.9,1238.3,1356.2,98.4
2014-10-19,386.0,395.8,377.34285714285716,388.0142857142858,18150.571428571428,1237.78,1239.48,1232.6,1333.1799999999998,157.6
2014-10-26,369.5142857142857,373.58571428571435,360.4857142857142,363.99999999999994,13646.42857142857,1238.1,1240.1,1237.6,1361.9599999999998,45.6
2014-11-02,341.8857142857143,347.4428571428571,333.9857142857143,338.1428571428572,12584.857142857143,1218.5400000000002,1219.98,1206.7,1334.6,221.8
2014-11-09,335.11428571428576,344.9857142857143,332.25714285714287,340.75714285714287,13695.57142857143,1156.48,1165.84,1147.3399999999997,1281.6399999999999,98.2
2014-11-16,389.5142857142857,413.8285714285715,370.8142857142857,392.88571428571424,28390.85714285714,1161.48,1173.02,1152.56,1286.7599999999998,322.4
2014-11-23,370.2857142857143,381.85714285714283,360.9428571428571,367.47142857142853,20767.285714285714,1191.9,1195.3200000000002,1188.84,1311.48,13.0
2014-11-30,372.75714285714287,384.4,366.3571428571428,374.04285714285714,35066.71428571428,1197.92,1198.72,1187.3000000000002,1284.78,17298.0
2014-12-07,376.40000000000003,381.64285714285717,371.3,376.62857142857143,20524.14285714286,1196.3400000000001,1213.08,1183.48,1321.6,1623.6
2014-12-14,355.8428571428571,360.7285714285714,346.5285714285714,351.97142857142853,29099.14285714286,1215.6399999999999,1227.88,1209.6399999999999,1337.18,254.0
2014-12-21,329.07142857142856,334.8285714285715,318.95714285714286,325.24285714285713,39272.42857142857,1201.24,1210.56,1192.1799999999998,1306.3,137.4
2014-12-28,325.0571428571429,331.52857142857147,317.6714285714285,324.1857142857143,23056.571428571428,1181.3,1186.1799999999998,1174.7199999999998,1269.94,120.4
2015-01-04,311.04285714285714,314.3428571428571,299.12857142857143,303.64285714285717,32473.14285714286,1245.02,1251.48,1246.24,1292.94,95.4
2015-01-11,279.59999999999997,287.1571428571429,272.45714285714286,279.6142857142857,25506.14285714286,1352.9599999999998,1352.9599999999998,1351.98,1355.6599999999999,52.4
2015-01-18,219.51428571428573,237.18571428571428,197.8857142857143,211.77142857142854,80293.0,1360.8666666666668,1361.0166666666667,1360.35,1364.8166666666666,11.333333333333334
2015-01-25,225.4857142857143,235.21428571428572,219.62857142857143,231.41428571428574,41078.28571428572,1378.6599999999999,1378.6799999999998,1377.2400000000002,1388.9,31.4
2015-02-01,243.58571428571426,258.37142857142857,228.67142857142858,239.75714285714284,57968.0,1397.4599999999998,1397.4599999999998,1397.4599999999998,1394.1799999999998,1741.2
2015-02-08,226.4857142857143,234.0,219.5,226.2571428571429,45615.142857142855,1360.8400000000001,1360.8400000000001,1360.8400000000001,1362.1200000000001,920.4
2015-02-15,228.44285714285712,237.3142857142857,221.04285714285714,229.81428571428572,103552.71428571429,1310.3999999999999,1310.5833333333333,1310.3333333333333,1310.5,136.0
2015-02-22,239.7571428571429,245.4857142857143,234.3857142857143,240.1,85668.71428571429,1292.7199999999998,1294.26,1292.68,1290.6399999999999,52.8
2015-03-01,242.1142857142857,247.55714285714288,237.72857142857143,245.28571428571428,65031.142857142855,1300.6599999999999,1300.6599999999999,1300.6599999999999,1300.6599999999999,239.4
2015-03-08,272.4142857142857,280.3285714285714,265.8,274.7857142857143,102637.71428571429,1294.4599999999998,1294.4599999999998,1294.4599999999998,1294.4599999999998,79.8
2015-03-15,287.7428571428572,294.1,283.9142857142857,289.22857142857146,101395.28571428571,1254.48,1254.48,1254.48,1254.48,64.0
2015-03-22,271.2857142857143,276.4714285714286,262.0285714285714,268.95714285714286,97129.0,1255.1,1255.1,1255.1,1255.1,66.4
2015-03-29,253.4857142857143,257.0142857142857,244.3,249.7,92658.42857142857,1286.98,1286.98,1286.98,1286.98,99.6
2015-04-05,248.45714285714286,253.15714285714284,244.84285714285713,250.95714285714283,65056.42857142857,1283.84,1283.84,1283.84,1283.84,8943.0
2015-04-12,246.67142857142858,248.45714285714286,239.9,243.2857142857143,63968.71428571428,1293.96,1293.96,1293.96,1293.96,341.6
2015-04-19,224.92857142857142,227.90000000000003,219.7,223.08571428571432,74487.71428571429,1284.7,1284.7,1284.7,1284.7,277.2
2015-04-26,229.6142857142857,233.15714285714284,225.08571428571426,229.0,63937.57142857143,1277.1,1277.1,1277.1,1277.1,115.2
2015-05-03,229.02857142857144,237.01428571428573,226.21428571428575,232.07142857142858,73634.57142857143,1285.94,1285.94,1285.94,1285.94,97.6
2015-05-10,238.22857142857146,242.84285714285716,234.02857142857144,238.22857142857146,76570.42857142857,1282.98,1282.98,1282.98,1282.98,39.0
2015-05-17,238.58571428571432,240.6285714285714,235.72857142857143,238.05714285714285,50600.57142857143,1302.8799999999999,1302.8799999999999,1302.8799999999999,1302.8799999999999,23.4
2015-05-24,235.65714285714287,238.50000000000003,234.0142857142857,236.32857142857145,46728.42857142857,1290.9666666666665,1291.0833333333333,1289.1000000000001,1288.0500000000002,11.0
2015-05-31,237.28571428571428,238.15714285714284,234.18571428571425,235.68571428571428,38113.0,1266.66,1267.54,1263.3600000000001,1265.88,11495.8
2015-06-07,225.48571428571427,227.4857142857143,222.6142857142857,224.58571428571426,52239.28571428572,1276.44,1277.0,1275.92,1276.9599999999998,539.4
2015-06-14,229.05714285714288,231.78571428571428,228.17142857142855,230.52857142857144,45754.57142857143,1280.2,1280.2,1280.2,1280.2,164.4
2015-06-21,243.64285714285714,249.5,239.9714285714286,245.1142857142857,78118.28571428571,1288.4599999999998,1288.4599999999998,1287.78,1288.4599999999998,114.2
2015-06-28,244.60000000000005,247.29999999999998,241.77142857142854,245.2857142857143,43670.857142857145,1274.2599999999998,1274.2599999999998,1273.6399999999999,1274.2599999999998,95.8
2015-07-05,256.9142857142857,263.4857142857143,253.4714285714286,259.9428571428572,62727.42857142857,1248.7,1249.56,1248.58,1249.3200000000002,143.4
2015-07-12,274.09999999999997,286.7571428571428,271.2142857142857,279.85714285714283,72889.42857142857,1258.08,1258.08,1258.08,1258.08,247.4
2015-07-19,285.91428571428565,290.2857142857143,272.12857142857143,280.6,76575.57142857143,1245.52,1245.52,1245.52,1245.52,40.4
2015-07-26,279.3,284.21428571428567,277.0571428571428,281.95714285714286,45754.42857142857,1192.54,1192.54,1192.54,1192.54,93.8
2015-08-02,288.3,290.4,283.1285714285714,286.8142857142857,48364.857142857145,1187.0400000000002,1187.0400000000002,1187.0400000000002,1187.0400000000002,11010.6
2015-08-09,277.64285714285717,280.50000000000006,272.2571428571428,275.14285714285717,49301.857142857145,1180.0,1180.0,1180.0,1180.0,1129.4
2015-08-16,264.6857142857143,267.42857142857144,260.15714285714284,263.7142857142857,53346.142857142855,1202.7800000000002,1202.7800000000002,1202.7800000000002,1202.7800000000002,609.4
2015-08-23,240.50000000000003,243.91428571428568,230.6,236.17142857142858,94269.42857142857,1224.06,1224.06,1224.06,1224.06,299.6
2015-08-30,223.78571428571428,230.6142857142857,216.61428571428573,224.0142857142857,102108.0,1219.44,1219.44,1219.44,1219.44,208.6
2015-09-06,229.1285714285714,233.38571428571427,227.1142857142857,230.77142857142857,58611.57142857143,1196.4833333333333,1196.6166666666668,1196.0333333333335,1196.0833333333333,157.16666666666666
2015-09-13,239.1,241.64285714285714,235.21428571428572,237.71428571428572,57783.857142857145,1173.98,1174.8799999999999,1173.1200000000001,1174.06,105.0
2015-09-20,230.6,234.61428571428573,228.24285714285716,230.72857142857143,48482.857142857145,1192.72,1192.72,1192.72,1194.3,20.2
2015-09-27,231.48571428571427,234.41428571428568,229.20000000000002,231.68571428571428,54100.0,1212.2000000000003,1212.2000000000003,1212.2000000000003,1212.2000000000003,34.2
2015-10-04,236.6285714285714,244.6857142857143,234.99999999999997,237.45714285714283,49724.57142857143,1194.6799999999998,1194.6799999999998,1194.6799999999998,1194.6799999999998,958.2
2015-10-11,242.78571428571428,245.57142857142858,241.1,244.11428571428573,52542.857142857145,1212.22,1212.22,1212.22,1212.22,127.0
2015-10-18,254.42857142857142,260.88571428571424,251.7571428571429,256.4428571428572,72396.28571428571,1240.8799999999999,1240.8799999999999,1240.8799999999999,1240.8799999999999,140.2
2015-10-25,270.90000000000003,278.2,269.27142857142854,274.64285714285717,75674.28571428571,1230.7599999999998,1230.7599999999998,1230.7599999999998,1230.7599999999998,64.0
2015-11-01,303.3,314.92857142857144,297.0,308.3142857142857,110062.42857142857,1212.96,1212.96,1212.96,1212.96,211.4
2015-11-08,373.9,414.3714285714286,356.0571428571428,380.8428571428571,274061.85714285716,1165.6399999999999,1165.6399999999999,1165.6399999999999,1165.6399999999999,133.6
2015-11-15,341.81428571428575,357.25714285714287,320.9142857142857,334.0857142857143,145868.14285714287,1145.3200000000002,1145.3200000000002,1145.3200000000002,1145.3200000000002,10.0
2015-11-22,326.9,332.90000000000003,320.3285714285715,327.65714285714284,77407.42857142857,1133.88,1135.3600000000001,1133.88,1133.1399999999999,5.0
2015-11-29,337.11428571428576,349.14285714285717,332.65714285714284,343.9714285714286,87067.42857142857,1113.8600000000001,1114.68,1113.68,1114.0,10494.8
2015-12-06,368.47142857142853,378.9857142857143,360.38571428571424,371.7,104135.85714285714,1124.4199999999998,1124.4199999999998,1124.4199999999998,1124.4199999999998,2119.0
2015-12-13,416.00000000000006,430.9857142857143,402.9571428571429,421.90000000000003,120111.0,1133.46,1133.46,1133.46,1133.46,396.8
2015-12-20,453.3142857142857,461.7428571428572,441.5857142857143,454.32857142857137,120290.71428571429,1121.5800000000002,1121.5800000000002,1121.5800000000002,1121.5800000000002,223.8
2015-12-27,440.17142857142863,447.64285714285717,427.0714285714285,437.40000000000003,92740.42857142857,1134.65,1134.65,1134.65,1134.65,83.5
2016-01-03,428.69999999999993,434.4428571428571,422.0,429.88571428571424,58263.142857142855,1124.625,1124.625,1124.625,1124.625,94.25
2016-01-10,440.6,446.64285714285717,434.42857142857144,442.8142857142857,63891.28571428572,1148.04,1148.04,1148.04,1148.04,99.4
2016-01-17,422.50000000000006,426.3428571428571,403.5857142857143,413.40000000000003,108225.57142857143,1128.6833333333334,1129.05,1128.6833333333334,1128.9666666666667,47.166666666666664
2016-01-24,391.7714285714286,405.0571428571429,381.1,394.57142857142856,98096.71428571429,1132.78,1133.4,1132.22,1132.44,13.4
2016-01-31,388.2142857142858,391.7714285714286,378.0428571428571,383.6,65588.42857142857,1161.8400000000001,1161.8400000000001,1161.8400000000001,1161.8400000000001,10611.8
2016-02-07,376.8142857142857,383.4571428571429,371.9428571428572,377.97142857142853,66788.42857142857,1189.0,1189.0,1189.0,1184.52,1063.4
2016-02-14,380.18571428571425,387.42857142857144,377.5857142857143,384.12857142857143,64749.142857142855,1248.1999999999998,1248.2333333333333,1247.4833333333333,1249.1000000000001,229.83333333333334
2016-02-21,415.9428571428571,426.0428571428571,410.82857142857137,420.57142857142856,83784.57142857143,1248.22,1248.44,1241.98,1245.2599999999998,89.0
2016-02-28,428.6285714285715,432.95714285714286,420.1714285714285,427.85714285714295,59518.142857142855,1264.06,1264.06,1264.06,1264.2000000000003,224.0
2016-03-06,422.3142857142857,426.7857142857142,412.0428571428571,418.5285714285714,77127.71428571429,1288.7599999999998,1288.7599999999998,1288.7599999999998,1288.7599999999998,289.6
2016-03-13,412.9857142857143,417.8142857142857,408.7571428571428,413.90000000000003,53920.71428571428,1306.1799999999998,1306.1799999999998,1306.1799999999998,1310.28,31.4
2016-03-20,413.2571428571428,416.09999999999997,409.1285714285714,413.12857142857143,45699.28571428572,1292.44,1292.72,1292.44,1294.3200000000002,22.8
2016-03-27,414.6714285714285,418.6714285714285,412.42857142857144,416.5428571428571,42290.857142857145,1275.9199999999998,1275.9199999999998,1270.06,1270.9199999999998,219.8
2016-04-03,417.71428571428567,420.0714285714285,412.9857142857143,416.92857142857144,41429.57142857143,1276.7400000000002,1276.7400000000002,1276.7400000000002,1276.7400000000002,10660.0
2016-04-10,419.65714285714284,421.8428571428571,416.59999999999997,419.8285714285715,34674.28571428572,1275.52,1275.52,1275.52,1275.52,709.4
2016-04-17,424.65714285714284,427.59999999999997,422.2714285714286,425.5142857142857,38797.142857142855,1290.9,1290.9,1290.9,1290.9,237.2
2016-04-24,439.25714285714287,446.0571428571429,436.5857142857143,443.7285714285714,54606.142857142855,1292.34,1292.34,1292.34,1292.34,175.8
2016-05-01,454.90000000000003,460.07142857142856,446.97142857142853,454.1285714285714,60551.42857142857,1307.9,1307.9,1307.9,1307.9,267.6
2016-05-08,451.24285714285713,455.4,446.5,452.0571428571429,47418.57142857143,1334.4599999999998,1334.4599999999998,1334.4599999999998,1334.4599999999998,187.6
2016-05-15,455.2,458.9857142857143,451.4714285714286,455.2285714285714,38787.57142857143,1316.8,1316.8,1316.8,1316.8,107.4
2016-05-22,449.8428571428571,452.1285714285714,443.9857142857143,447.2,37627.42857142857,1316.56,1316.56,1316.56,1316.56,38.0
2016-05-29,461.5285714285714,479.6285714285714,455.1714285714285,472.44285714285706,83280.14285714286,1281.2400000000002,1281.2400000000002,1281.2400000000002,1281.2400000000002,12764.4
2016-06-05,541.5285714285714,560.6999999999999,534.4,549.9428571428572,82153.28571428571,1260.85,1261.83,1259.5600000000002,1261.6299999999999,2155.6
2016-06-12,579.8285714285714,599.5428571428572,570.3714285714286,592.9142857142857,78813.28571428571,1312.8600000000001,1312.8600000000001,1312.8600000000001,1312.8600000000001,441.6
2016-06-19,714.4857142857143,742.6428571428571,691.0142857142857,727.9857142857143,151058.57142857142,1339.28,1339.28,1339.28,1339.28,252.6
2016-06-26,670.6000000000001,692.1142857142858,619.4857142857143,651.2285714285715,172930.42857142858,1337.0800000000002,1337.0800000000002,1337.0800000000002,1337.0800000000002,229.8
2016-07-03,656.3142857142857,673.657142857143,639.9571428571428,661.4857142857143,86252.71428571429,1374.3666666666668,1374.875,1373.425,1374.5333333333335,181.16666666666666
2016-07-10,660.4428571428572,670.2428571428572,636.6,658.3714285714286,74338.42857142857,1401.84,1404.8700000000001,1401.44,1403.24,92.0
2016-07-17,658.2571428571429,668.342857142857,651.3142857142857,662.4285714285714,46677.857142857145,1394.44,1394.44,1394.44,1394.44,70.2
2016-07-24,664.7285714285714,669.1714285714286,655.7428571428571,662.3000000000001,38328.0,1387.02,1387.02,1387.02,1387.02,305.6
2016-07-31,655.1999999999999,658.1714285714286,645.1285714285714,649.8571428571429,35865.142857142855,1394.8799999999999,1394.8799999999999,1394.8799999999999,1394.08,1336.0
2016-08-07,578.0142857142857,596.0571428571428,551.5000000000001,573.5714285714286,58256.71428571428,1421.06,1421.06,1421.06,1421.06,451.2
2016-08-14,587.9571428571428,593.157142857143,579.6714285714286,584.8571428571428,31159.714285714286,1410.32,1410.32,1410.32,1410.46,295.4
2016-08-21,574.1714285714286,580.8142857142857,568.3714285714286,575.8285714285714,28202.85714285714,1411.8,1411.8,1411.8,1413.4599999999998,95.0
2016-08-28,579.8857142857142,583.7714285714285,573.657142857143,579.0714285714286,25587.428571428572,1393.9199999999998,1393.9199999999998,1393.9199999999998,1394.12,162.4
2016-09-04,578.0714285714286,605.657142857143,573.9571428571428,583.0,27878.714285714286,1368.8166666666666,1368.9083333333335,1368.4750000000001,1368.4916666666668,205.83333333333334
2016-09-11,616.0285714285714,622.0428571428571,607.2857142857143,615.4714285714286,28018.428571428572,1387.5699999999997,1388.73,1387.4099999999999,1388.5199999999998,25.0
2016-09-18,607.8142857142857,611.1285714285714,604.9,608.5428571428572,22351.714285714286,1379.6599999999999,1379.6599999999999,1377.9,1378.1,88.2
2016-09-25,604.0,606.6857142857143,598.6142857142858,602.6857142857143,22260.14285714286,1386.52,1386.52,1386.52,1386.52,51.2
2016-10-02,606.342857142857,609.9428571428572,603.0857142857143,607.657142857143,22104.285714285714,1384.4599999999998,1384.4599999999998,1384.4599999999998,1381.8399999999997,1241.4
2016-10-09,612.5428571428572,615.657142857143,609.7857142857143,613.2714285714285,21677.428571428572,1323.8600000000001,1323.8600000000001,1323.8600000000001,1323.8600000000001,544.2
2016-10-16,631.4428571428572,638.1714285714286,627.8714285714286,634.9142857142858,27179.14285714286,1310.7600000000002,1310.7600000000002,1310.7600000000002,1310.7600000000002,161.2
2016-10-23,636.6,643.3000000000001,631.8285714285714,638.4428571428571,27944.85714285714,1320.4199999999998,1320.4199999999998,1320.4199999999998,1320.4199999999998,182.0
2016-10-30,673.2428571428571,686.6571428571427,667.2,679.5714285714286,42362.57142857143,1328.1,1328.1,1328.1,1328.1,189.0
2016-11-06,706.4857142857144,721.2714285714285,691.2571428571429,708.2857142857143,48232.57142857143,1355.84,1355.84,1355.84,1355.84,64.6
2016-11-13,711.6428571428571,719.0428571428572,701.6428571428571,710.5142857142856,37689.142857142855,1323.98,1323.98,1323.98,1324.32,150.0
2016-11-20,727.1999999999999,740.2571428571429,716.1999999999999,730.9857142857143,47750.142857142855,1285.6600000000003,1285.6600000000003,1285.6600000000003,1285.6600000000003,367.0
2016-11-27,737.842857142857,744.8571428571429,728.0428571428572,737.9714285714284,32119.428571428572,1249.2800000000002,1249.5,1247.39,1248.55,68.4
2016-12-04,746.4999999999999,756.6428571428571,742.0142857142857,751.7857142857143,40117.0,1245.72,1245.72,1245.72,1245.72,10482.8
2016-12-11,765.3571428571429,771.2571428571429,758.5142857142856,765.5714285714286,29653.571428571428,1240.94,1240.94,1240.94,1241.94,304.4
2016-12-18,778.0,785.6428571428571,773.7571428571428,781.0142857142856,25513.85714285714,1229.2399999999998,1229.2399999999998,1229.2399999999998,1229.2399999999998,224.6
2016-12-25,839.3714285714286,862.5,826.9285714285714,853.9571428571429,55218.57142857143,1204.1666666666667,1204.1666666666667,1204.1666666666667,1204.1666666666667,67.5
2017-01-01,940.1428571428571,963.2857142857143,925.6999999999999,955.0428571428571,52348.42857142857,1212.22,1212.4299999999998,1212.02,1211.23,233.2
2017-01-08,992.2142857142857,1032.9571428571428,918.3571428571429,978.7142857142856,131125.7142857143,1229.72,1230.49,1229.52,1232.1299999999999,11.2
2017-01-15,849.2857142857144,866.8571428571428,805.7142857142857,837.9,84205.57142857143,1262.2,1263.4916666666668,1262.2,1264.0083333333332,24.833333333333332
2017-01-22,875.4428571428571,904.4142857142857,859.4714285714286,889.3857142857142,52900.0,1273.91,1274.95,1273.26,1274.1299999999999,46.8
2017-01-29,911.5142857142857,920.7857142857143,901.5,910.8999999999999,31378.14285714286,1285.28,1285.28,1284.44,1283.74,89.4
2017-02-05,975.9857142857144,997.6999999999999,965.1142857142856,990.5000000000001,43144.42857142857,1291.9999999999998,1292.3999999999999,1291.9999999999998,1292.1,11218.8
2017-02-12,1018.6857142857143,1036.3714285714286,985.5857142857142,1015.8857142857144,55523.71428571428,1317.1399999999999,1317.1399999999999,1317.1399999999999,1315.58,359.4
2017-02-19,1020.2857142857141,1035.6714285714286,1011.0,1027.7714285714285,31844.714285714286,1300.3500000000001,1300.8916666666667,1300.3500000000001,1300.5666666666668,172.33333333333334
2017-02-26,1123.357142857143,1155.4142857142858,1094.5714285714287,1140.8857142857144,55215.28571428572,1307.97,1308.55,1307.22,1308.1599999999999,26.2
2017-03-05,1225.0714285714287,1252.3428571428572,1204.042857142857,1239.3,49545.42857142857,1325.44,1325.44,1325.44,1325.44,320.6
2017-03-12,1201.5428571428572,1254.1571428571426,1132.8999999999999,1194.9571428571428,83159.57142857143,1295.3,1295.3,1295.2800000000002,1293.3200000000002,24.2
2017-03-19,1167.9714285714285,1194.3428571428574,1107.2,1139.0428571428572,108939.42857142857,1297.78,1297.78,1297.78,1296.3,31.6
2017-03-26,1025.3,1058.057142857143,976.1571428571427,1017.6999999999999,95829.0,1324.8200000000002,1324.8200000000002,1324.8200000000002,1327.3200000000002,9.4
2017-04-02,1043.4142857142858,1075.7142857142856,1026.2,1061.7,75388.85714285714,1338.92,1338.92,1338.38,1333.38,23.8
2017-04-09,1153.814285714286,1182.7142857142858,1138.8999999999999,1169.0857142857144,67086.28571428571,1332.5000000000002,1332.5000000000002,1332.5000000000002,1333.24,414.4
2017-04-16,1196.3857142857144,1209.5571428571432,1131.242857142857,1192.457142857143,40396.42857142857,1340.0700000000002,1340.0700000000002,1340.0700000000002,1340.0700000000002,299.8
2017-04-23,1217.2428571428572,1235.9857142857145,1206.1714285714284,1227.5714285714287,46505.857142857145,1364.54,1368.1799999999998,1364.54,1365.98,79.6
2017-04-30,1292.4285714285713,1320.542857142857,1276.9857142857143,1307.1142857142859,51755.57142857143,1347.3200000000002,1347.3200000000002,1347.3200000000002,1347.3200000000002,271.2
2017-05-07,1467.0142857142857,1535.3428571428572,1440.4142857142856,1495.9428571428568,91458.28571428571,1323.1,1323.1,1323.1,1322.3,28.6
2017-05-14,1705.4428571428573,1778.8428571428572,1650.1857142857145,1736.6142857142859,94084.14285714286,1305.16,1305.1999999999998,1304.5800000000002,1301.48,19.4
2017-05-21,1842.1857142857145,1923.6571428571428,1800.7714285714285,1880.9857142857145,84413.42857142857,1325.22,1325.36,1325.22,1323.5400000000002,16.0
2017-05-28,2212.9714285714285,2438.471428571429,2079.1857142857143,2233.6857142857143,175100.14285714287,1324.035,1324.4866666666667,1324.035,1324.3533333333335,10.0
2017-06-04,2344.8142857142857,2442.1,2292.828571428571,2392.6857142857143,95301.14285714286,1330.384,1330.5,1329.7720000000002,1330.118,27017.6
2017-06-11,2757.371428571429,2867.1571428571433,2704.9428571428575,2821.557142857143,104799.71428571429,1357.4,1357.4,1357.4,1357.4,467.4
2017-06-18,2630.957142857143,2714.042857142857,2412.042857142857,2568.9857142857145,153833.57142857142,1337.56,1337.56,1337.56,1337.24,274.0
2017-06-25,2658.8142857142857,2734.5714285714284,2584.671428571429,2659.1,88334.14285714286,1319.84,1319.84,1319.84,1319.84,69.2
2017-07-02,2516.1142857142854,2579.128571428572,2412.342857142857,2515.3857142857146,102559.57142857143,1318.7400000000002,1318.7400000000002,1316.92,1317.72,71.4
2017-07-09,2578.171428571429,2616.6571428571433,2527.8571428571427,2574.5857142857144,71155.14285714286,1277.42,1278.1660000000002,1276.678,1278.2900000000002,5.0
2017-07-16,2307.785714285714,2350.9428571428575,2154.6857142857143,2222.457142857143,132498.2857142857,1288.48,1288.48,1288.48,1290.44,11.0
2017-07-23,2446.842857142857,2655.3,2365.7571428571428,2567.2000000000003,181152.57142857142,1315.1200000000001,1315.1200000000001,1315.1200000000001,1315.1200000000001,12.0
2017-07-30,2699.1428571428573,2764.5142857142855,2597.457142857143,2700.557142857143,119191.85714285714,1329.1,1329.1,1329.1,1329.4600000000003,12850.0
2017-08-06,2866.942857142857,2998.6857142857143,2798.7285714285717,2933.442857142857,93290.42857142857,1341.16,1341.16,1341.16,1341.16,1951.2
2017-08-13,3480.542857142857,3667.7285714285713,3428.285714285714,3599.2,106123.0,1344.6,1344.6,1344.6,1345.72,375.6
2017-08-20,4210.628571428571,4341.928571428572,3988.414285714286,4211.199999999999,129815.0,1355.7999999999997,1357.7599999999998,1355.7999999999997,1355.02,136.4
2017-08-27,4191.085714285715,4301.271428571429,4091.1857142857148,4230.971428571428,85767.0,1361.62,1361.62,1361.62,1361.62,239.6
2017-09-03,4592.457142857143,4725.942857142858,4450.542857142858,4630.614285714285,97522.71428571429,1379.2733333333333,1380.2283333333332,1379.0100000000002,1379.3366666666668,119.0
2017-09-10,4457.914285714286,4558.285714285715,4192.314285714286,4405.4857142857145,125114.0,1399.1219999999998,1399.7980000000002,1398.2820000000002,1398.496,30.0
2017-09-17,3878.4,4053.171428571429,3599.7285714285713,3798.9285714285716,201987.85714285713,1400.3399999999997,1400.3399999999997,1400.3399999999997,1399.3799999999999,86.6
2017-09-24,3798.028571428571,3938.1571428571433,3666.7714285714287,3794.871428571428,105015.85714285714,1377.58,1377.58,1377.58,1377.4599999999998,55.0
2017-10-01,4062.028571428572,4213.4571428571435,3996.0714285714284,4167.114285714286,85593.28571428571,1367.14,1367.14,1367.14,1367.44,119.6
2017-10-08,4352.342857142858,4450.342857142858,4279.742857142858,4382.142857142857,64860.71428571428,1350.54,1350.54,1350.54,1349.6399999999999,87.4
2017-10-15,5124.4857142857145,5381.142857142857,5031.657142857142,5278.257142857142,119422.28571428571,1369.1,1369.1,1369.1,1369.4,7.8
2017-10-22,5758.614285714286,5891.4857142857145,5562.657142857142,5802.128571428571,96272.57142857143,1365.18,1365.18,1365.18,1364.7199999999998,236.0
2017-10-29,5787.485714285714,5976.6,5599.942857142857,5811.0,111516.14285714286,1352.96,1352.96,1352.96,1352.44,74.2
2017-11-05,6713.5,7044.171428571428,6626.228571428573,6891.928571428572,131297.0,1351.9,1351.9,1351.9,1351.9,136.0
2017-11-12,6990.1,7229.9,6579.685714285714,6774.257142857144,176468.57142857142,1359.44,1359.44,1359.44,1359.44,54.4
2017-11-19,7087.914285714286,7534.571428571428,6947.514285714286,7397.142857142857,114321.28571428571,1364.14,1364.14,1364.14,1364.14,15.4
2017-11-26,8227.771428571428,8543.271428571428,8095.842857142857,8409.499999999998,81219.71428571429,1352.318,1352.8539999999998,1351.61,1352.4119999999998,10.4
2017-12-03,10075.185714285715,10825.6,9661.757142857143,10349.185714285713,136551.85714285713,1371.96,1371.96,1371.96,1368.8400000000001,1588.0
2017-12-10,13720.285714285714,14805.742857142857,12507.985714285713,14263.07142857143,191701.2857142857,1341.48,1341.48,1341.48,1342.08,545.8
2017-12-17,16939.014285714286,18087.757142857143,16497.742857142857,17512.442857142858,134161.42857142858,1331.36,1331.36,1329.7599999999998,1330.4,227.2
2017-12-24,16530.485714285718,17012.72857142857,14560.171428571428,15777.371428571429,217824.57142857142,1349.1599999999999,1349.28,1349.1599999999999,1350.3799999999999,133.2
2017-12-31,14302.357142857143,15199.328571428572,13290.371428571429,14311.414285714285,138842.0,1356.7399999999998,1356.86,1356.52,1358.0,44.4
2018-01-07,15216.485714285716,15947.97142857143,14506.628571428573,15555.857142857143,105509.0,1384.1,1384.88,1383.8600000000001,1385.68,1.0
2018-01-14,14678.114285714284,15006.457142857142,13652.857142857141,14315.314285714285,99623.42857142857,1398.0833333333333,1398.2333333333333,1397.8666666666668,1398.5833333333333,11.0
2018-01-21,12232.214285714288,12828.214285714284,11012.985714285713,11933.028571428571,216602.0,1408.2599999999998,1409.78,1408.2,1409.1599999999999,60.2
2018-01-28,11228.3,11727.0,10641.828571428572,11257.714285714286,182857.0,1447.38,1447.38,1447.38,1447.38,56.2
2018-02-04,10112.514285714287,10279.485714285716,9095.042857142858,9601.971428571429,288292.71428571426,1439.3200000000002,1439.3200000000002,1439.3200000000002,1439.3200000000002,12300.6
2018-02-11,7981.371428571428,8524.6,7320.0999999999985,7962.842857142858,422307.14285714284,1418.78,1418.78,1418.78,1418.78,424.4
2018-02-18,9470.042857142858,10042.314285714285,9181.07142857143,9801.042857142858,241829.57142857142,1425.4333333333334,1425.8833333333334,1425.4333333333334,1425.5666666666668,138.66666666666666
2018-02-25,10426.4,10863.914285714285,9966.171428571428,10311.814285714285,261954.85714285713,1413.9599999999998,1414.6599999999999,1413.36,1413.4399999999998,179.8
2018-03-04,10561.142857142857,11063.157142857144,10174.842857142856,10823.485714285716,196112.85714285713,1420.4199999999998,1420.4199999999998,1420.4199999999998,1420.4199999999998,68.8
2018-03-11,10095.7,10353.057142857144,9387.257142857143,9816.742857142857,252905.85714285713,1427.2,1427.2,1427.2,1427.2,42.6
2018-03-18,8625.014285714287,8912.542857142857,8048.857142857143,8447.514285714287,274505.71428571426,1425.1799999999998,1425.1799999999998,1425.1799999999998,1424.78,32.8
2018-03-25,8688.97142857143,8944.614285714286,8421.442857142856,8728.414285714287,221234.14285714287,1430.34,1430.34,1430.34,1430.34,4.8
2018-04-01,7615.242857142856,7768.914285714285,7172.1,7378.057142857142,272358.5714285714,1440.9250000000002,1440.9250000000002,1440.9250000000002,1440.9250000000002,16222.75
2018-04-08,6919.885714285714,7148.1,6740.471428571429,6949.142857142857,196547.2857142857,1437.2,1437.2,1437.2,1437.2,535.0
2018-04-15,7351.4,7701.414285714285,7214.714285714285,7540.114285714286,219671.57142857142,1446.8799999999999,1446.8799999999999,1446.8799999999999,1446.8799999999999,99.4
2018-04-22,8371.8,8584.585714285713,8198.4,8434.942857142858,181783.7142857143,1451.0,1451.0,1451.0,1448.08,94.6
2018-04-29,9122.471428571429,9453.257142857143,8879.814285714285,9209.514285714286,231685.14285714287,1424.3200000000002,1424.3200000000002,1424.3200000000002,1424.3200000000002,190.8
2018-05-06,9471.228571428572,9646.9,9262.385714285714,9504.485714285713,162823.85714285713,1411.5800000000002,1411.5800000000002,1411.5800000000002,1411.5800000000002,28.6
2018-05-13,9066.257142857143,9183.485714285713,8737.014285714286,8933.442857142858,179203.57142857142,1416.8,1416.8,1416.7599999999998,1416.7,75.8
2018-05-20,8391.714285714286,8559.8,8165.957142857143,8368.32857142857,158004.2857142857,1399.32,1399.32,1399.32,1396.2199999999998,7.2
2018-05-27,7840.8,7919.085714285715,7581.4857142857145,7674.314285714286,152845.85714285713,1379.9333333333332,1379.9499999999998,1379.3166666666666,1379.6833333333332,22.833333333333332
2018-06-03,7433.785714285715,7605.271428571429,7325.314285714287,7485.2,142560.14285714287,1375.2400000000002,1375.5,1374.5,1374.6200000000001,11000.6
2018-06-10,7623.571428571428,7686.014285714286,7391.400000000001,7486.8,146720.0,1393.52,1393.7,1393.52,1393.5,222.6
2018-06-17,6585.0,6706.728571428571,6393.1,6539.985714285715,162165.42857142858,1390.54,1390.54,1390.54,1390.54,199.6
2018-06-24,6521.385714285714,6641.6,6305.1,6477.599999999999,162677.2857142857,1368.58,1368.58,1368.58,1365.98,14.4
2018-07-01,6163.3,6313.3,6049.757142857142,6193.728571428571,171659.57142857142,1346.58,1346.58,1346.58,1347.76,105.4
2018-07-08,6572.728571428571,6721.828571428571,6482.942857142858,6625.128571428571,164886.42857142858,1324.02,1325.2600000000002,1323.8400000000001,1324.4,16.2
2018-07-15,6402.128571428572,6475.228571428571,6270.014285714286,6351.7,256485.85714285713,1337.8,1337.8,1337.8,1338.2,28.0
2018-07-22,7146.285714285715,7437.385714285715,7058.199999999999,7296.2,264889.0,1316.26,1316.26,1316.26,1316.8600000000001,51.6
2018-07-29,8009.9285714285725,8265.942857142858,7857.6,8125.4,238248.14285714287,1311.12,1311.12,1311.12,1311.74,19.6
2018-08-05,7670.642857142857,7714.357142857142,7367.871428571429,7501.271428571429,227120.2857142857,1303.5,1305.86,1302.5,1303.42,753.4
2018-08-12,6557.814285714287,6733.071428571428,6300.171428571429,6455.4,244718.42857142858,1296.8400000000001,1297.28,1296.0,1295.0,210.0
2018-08-19,6326.142857142857,6512.285714285715,6198.414285714286,6350.2,2885775.4285714286,1265.8799999999999,1265.8799999999999,1265.8799999999999,1265.1599999999999,9.0
2018-08-26,6503.014285714286,6684.114285714285,6411.214285714285,6537.0,3087999.4285714286,1273.8600000000001,1273.8600000000001,1273.46,1273.26,4.2
2018-09-02,6989.971428571429,7126.214285714287,6867.4285714285725,7073.185714285714,3791245.0,1269.6166666666666,1269.6833333333332,1269.3333333333333,1269.3999999999999,59.666666666666664
2018-09-09,6818.228571428573,6905.5,6577.742857142858,6668.028571428572,3709691.285714286,1257.8,1259.9,1257.08,1259.3799999999999,7.2
2018-09-16,6382.228571428571,6519.171428571429,6322.542857142857,6419.814285714286,3240639.8571428573,1274.0800000000002,1274.3600000000001,1274.06,1276.94,14.6
2018-09-23,6495.957142857143,6620.242857142858,6389.614285714285,6524.842857142858,5310003.285714285,1278.8600000000001,1278.8600000000001,1278.8600000000001,1278.8600000000001,24.4
2018-09-30,6590.585714285715,6677.2,6412.214285714285,6580.228571428571,8744858.285714285,1271.48,1271.48,1271.48,1271.18,7.8
2018-10-07,6588.871428571429,6644.942857142858,6376.685714285714,6585.214285714285,7949670.571428572,1275.5,1275.5,1275.5,1275.5,53.6
2018-10-14,6485.900000000001,6531.3428571428585,6389.285714285715,6445.328571428572,126988.0,1272.78,1272.78,1272.78,1279.0,45.8
2018-10-21,6587.457142857143,6788.185714285713,6526.400000000001,6619.0,168885.57142857142,1304.4,1304.4,1304.4,1304.4,82.2
2018-10-28,6530.9857142857145,6561.6571428571415,6496.785714285713,6516.071428571428,96350.42857142857,1306.74,1306.74,1306.74,1306.74,22.2
2018-11-04,6389.685714285713,6454.071428571428,6333.685714285713,6388.028571428571,131344.42857142858,1301.68,1301.68,1301.68,1301.54,3.2
2018-11-11,6474.257142857142,6511.414285714285,6428.9,6469.571428571428,144045.0,1298.22,1298.22,1298.22,1298.22,27.6
2018-11-18,6020.5142857142855,6056.5142857142855,5788.0,5905.971428571429,231590.7142857143,1283.4399999999998,1283.4399999999998,1283.4399999999998,1283.4399999999998,74.8
2018-11-25,4627.414285714286,4751.9857142857145,4217.500000000001,4397.671428571429,459800.0,1282.8400000000001,1283.5,1282.6599999999999,1283.1599999999999,102.0
2018-12-02,4080.7000000000003,4269.614285714285,3914.4999999999995,4094.528571428571,433607.14285714284,1293.0800000000002,1293.0800000000002,1293.0800000000002,1293.68,2.2
2018-12-09,3735.8857142857146,3847.585714285714,3557.0000000000005,3650.9428571428575,411798.85714285716,1312.6,1312.6,1311.72,1311.8600000000001,15.6
2018-12-16,3382.214285714286,3430.9714285714285,3289.828571428571,3339.1428571428573,393468.85714285716,1312.74,1312.74,1312.74,1312.74,78.8
2018-12-23,3717.1428571428573,3930.4142857142856,3644.0714285714284,3816.7000000000007,694263.8571428572,1322.6799999999998,1322.6799999999998,1322.6799999999998,1322.6799999999998,74.4
2018-12-30,3811.8857142857146,3934.4285714285716,3686.214285714286,3793.2285714285713,583942.4285714285,1329.46,1329.8700000000001,1329.09,1328.17,28.2
2019-01-06,3796.7714285714287,3872.7428571428572,3727.4000000000005,3823.557142857143,500966.0,1338.5800000000002,1338.59,1338.21,1338.15,32.2
2019-01-13,3822.4571428571426,3861.0857142857144,3715.1142857142854,3748.9285714285716,517883.0,1354.4,1354.4,1354.4,1354.4,142.4
2019-01-20,3599.2714285714287,3665.1142857142854,3548.0,3607.071428571428,526536.0,1342.9166666666667,1343.15,1342.7833333333335,1343.0416666666667,72.0
2019-01-27,3562.6142857142863,3597.557142857143,3521.514285714286,3564.442857142857,437400.0,1336.9100000000003,1337.1100000000001,1335.75,1337.1299999999999,45.6
2019-02-03,3468.7285714285717,3497.5714285714284,3411.357142857142,3454.9,522923.5714285714,1377.92,1377.92,1377.92,1377.28,69.4
2019-02-10,3502.1857142857143,3563.2,3470.628571428571,3533.6142857142863,515194.14285714284,1376.4199999999998,1376.4199999999998,1376.4199999999998,1376.4199999999998,19.6
2019-02-17,3624.0285714285715,3657.9428571428575,3598.0857142857153,3621.942857142857,528798.4285714285,1366.3416666666665,1366.3916666666667,1366.2083333333333,1366.2749999999999,31.166666666666668
2019-02-24,3924.2857142857147,4031.7857142857147,3845.571428571429,3937.1571428571433,870688.7142857143,1383.09,1384.3700000000001,1383.03,1383.9699999999998,48.4
2019-03-03,3810.842857142857,3853.128571428571,3771.957142857143,3818.5285714285715,1833365.857142857,1377.94,1377.94,1377.94,1378.2,28.2
2019-03-10,3847.285714285714,3904.8285714285716,3801.671428571429,3862.371428571429,2731059.8571428573,1347.94,1347.94,1347.94,1347.94,12.8
2019-03-17,3906.6142857142863,3948.7285714285713,3870.0142857142855,3916.0857142857144,2812886.4285714286,1357.64,1357.64,1357.64,1357.64,67.4
2019-03-24,4000.7285714285717,4029.4000000000005,3965.657142857143,4002.6,2792090.8571428573,1363.26,1363.26,1363.26,1363.48,35.4
2019-03-31,4022.514285714286,4059.9000000000005,3986.328571428571,4037.628571428571,2652271.714285714,1362.6599999999999,1362.6599999999999,1361.5,1359.92,30.0
2019-04-07,4719.142857142857,4975.271428571429,4670.485714285714,4872.214285714285,5072087.714285715,1343.24,1343.7199999999998,1343.24,1343.8600000000001,34.4
2019-04-14,5144.785714285715,5230.714285714285,5022.585714285714,5139.257142857144,773789.4285714285,1355.42,1355.42,1355.42,1352.7800000000002,63.4
2019-04-21,5193.271428571429,5258.285714285715,5138.742857142856,5208.7,747791.4285714285,1320.78,1320.78,1320.7599999999998,1320.58,40.8
2019-04-28,5327.8,5457.471428571428,5223.557142857142,5335.642857142857,902279.0,1330.3200000000002,1330.3200000000002,1330.3200000000002,1330.3200000000002,107.6
2019-05-05,5476.557142857143,5595.457142857143,5409.457142857143,5543.771428571429,784323.8571428572,1331.24,1331.24,1331.24,1331.08,125.4
2019-05-12,6161.628571428571,6485.400000000001,6073.142857142856,6333.9285714285725,976491.7142857143,1336.02,1336.02,1336.02,1334.7,55.0
2019-05-19,7634.914285714286,8076.671428571429,7369.185714285714,7802.328571428571,1173536.5714285714,1338.7400000000002,1338.7400000000002,1338.7400000000002,1338.7400000000002,139.2
2019-05-26,7934.442857142857,8154.871428571429,7715.842857142857,8001.585714285715,833152.5714285715,1317.8999999999999,1318.0583333333334,1317.8083333333334,1318.6083333333333,33.166666666666664
2019-06-02,8589.4,8784.614285714286,8398.557142857142,8604.099999999999,2900274.4285714286,1321.9899999999998,1323.49,1321.7899999999997,1326.73,132.4
2019-06-09,7997.800000000001,8097.242857142858,7672.042857142857,7842.271428571429,678615.4285714285,1371.6200000000001,1371.6200000000001,1368.8400000000001,1379.9199999999998,77.0
2019-06-16,8189.971428571427,8485.914285714285,8082.728571428571,8379.857142857143,643443.7142857143,1377.66,1377.74,1373.5800000000002,1381.78,214.8
2019-06-23,9576.128571428571,10051.328571428572,9465.914285714287,9852.842857142858,754865.2857142857,1400.92,1406.6999999999998,1395.7,1409.6,144.6
2019-06-30,11774.328571428572,12480.585714285713,11017.685714285715,11763.157142857144,1031115.1428571428,1447.56,1452.8799999999999,1443.6799999999998,1454.36,52.8
2019-07-07,11081.357142857143,11516.342857142858,10654.199999999999,11167.214285714286,866105.8571428572,1437.47,1439.55,1431.15,1441.39,20.8
2019-07-14,11827.371428571429,12211.385714285714,11159.714285714284,11653.442857142858,846685.5714285715,1446.06,1447.2599999999998,1446.06,1450.56,40.0
2019-07-21,10320.371428571429,10807.528571428571,9828.357142857143,10393.985714285713,852844.1428571428,1461.68,1469.78,1456.3200000000002,1466.1200000000001,213.4
2019-07-28,10012.357142857143,10262.385714285714,9705.271428571428,9871.671428571428,587752.1428571428,1463.4599999999998,1464.2400000000002,1461.6599999999999,1467.6999999999998,454.0
2019-08-04,10098.171428571428,10381.92857142857,9977.471428571429,10270.57142857143,556194.5714285715,1463.6399999999999,1473.1000000000001,1460.6200000000001,1475.98,287.8
2019-08-11,11692.057142857144,12100.571428571426,11373.985714285716,11774.957142857142,633928.7142857143,1516.2000000000003,1529.94,1512.8400000000001,1532.28,92.2
2019-08-18,10671.9,10855.214285714284,10213.957142857142,10500.9,620722.4285714285,1548.22,1558.7599999999998,1533.88,1555.7199999999998,182.4
2019-08-25,10392.114285714286,10576.957142857145,10043.985714285716,10366.542857142858,513645.0,1536.02,1545.5000000000002,1532.34,1550.2999999999997,316.2
2019-09-01,9870.9,10015.557142857144,9647.128571428573,9812.300000000001,446581.4285714286,1565.7083333333333,1571.7333333333333,1558.6083333333333,1567.7583333333332,194.83333333333334
2019-09-08,10370.214285714286,10661.885714285716,10236.9,10467.057142857142,486348.5714285714,1562.79,1571.73,1549.09,1565.1100000000001,84.8
2019-09-15,10296.114285714286,10398.057142857142,10103.728571428572,10283.271428571428,375858.71428571426,1534.92,1543.1200000000001,1528.7600000000002,1539.84,207.4
2019-09-22,10191.92857142857,10245.942857142858,9998.314285714285,10151.957142857145,368645.5714285714,1537.3799999999999,1546.3400000000001,1534.44,1549.7399999999998,291.6
2019-09-29,8733.585714285715,8830.985714285716,8225.671428571428,8450.685714285715,604153.7142857143,1553.18,1558.56,1542.8600000000001,1559.2400000000002,237.4
2019-10-06,8214.728571428572,8304.942857142856,8014.5142857142855,8190.757142857144,461096.71428571426,1525.3,1536.48,1514.8799999999999,1539.6200000000001,116.4
2019-10-13,8280.3,8501.014285714284,8168.242857142856,8337.742857142857,533344.0,1536.9,1540.9,1522.76,1541.96,436.8
2019-10-20,8111.6,8220.528571428571,7979.9857142857145,8103.342857142858,486737.14285714284,1522.6799999999998,1526.08,1517.36,1534.88,166.4
2019-10-27,8178.728571428571,8738.828571428572,7916.657142857142,8365.4,950719.0,1527.46,1532.28,1524.56,1537.82,87.4
2019-11-03,9284.242857142857,9453.514285714287,9094.171428571428,9236.857142857143,763339.8571428572,1533.22,1538.54,1529.1399999999999,1544.58,497.2
2019-11-10,9150.228571428572,9281.414285714285,8993.357142857143,9127.014285714287,628766.8571428572,1522.56,1523.06,1519.46,1528.4600000000003,236.8
2019-11-17,8714.971428571427,8780.485714285713,8557.542857142858,8639.600000000002,543167.2857142857,1492.6200000000003,1497.0400000000002,1488.14,1508.3,660.4
2019-11-24,7883.942857142857,7928.857142857143,7506.314285714287,7657.514285714285,849138.5714285715,1503.7199999999998,1506.3,1496.8600000000001,1513.9600000000003,541.4
2019-12-01,7347.057142857142,7588.314285714286,7137.900000000001,7414.4857142857145,866765.5714285715,1483.1299999999999,1486.83,1479.01,1495.59,333.8
2019-12-08,7375.842857142858,7532.271428571429,7276.342857142858,7394.242857142858,678764.8571428572,1504.8799999999999,1508.98,1500.6,1514.94,125.8
2019-12-15,7267.028571428571,7330.614285714286,7154.9285714285725,7210.285714285715,558426.1428571428,1497.6,1503.6200000000001,1492.7400000000002,1513.3799999999999,242.2
2019-12-22,7062.8714285714295,7250.771428571427,6902.914285714285,7115.242857142856,753383.4285714285,1507.76,1510.82,1505.98,1523.48,552.8
2019-12-29,7300.885714285714,7466.071428571428,7211.157142857142,7286.785714285715,728417.5714285715,1523.72,1527.7199999999998,1523.13,1540.1699999999998,226.4
2020-01-05,7249.157142857143,7365.414285714286,7144.857142857143,7245.342857142858,619157.1428571428,1550.23,1555.2099999999998,1548.83,1563.8699999999997,556.4
2020-01-12,7914.214285714287,8158.228571428573,7782.857142857143,8030.8,885390.1428571428,1596.8,1606.1,1591.9599999999998,1607.38,326.6
2020-01-19,8643.07142857143,8860.07142857143,8492.028571428571,8717.342857142856,915891.8571428572,1577.3666666666668,1579.8249999999998,1572.4416666666668,1588.5416666666663,1004.8333333333334
2020-01-26,8563.657142857142,8654.357142857143,8401.185714285713,8549.628571428571,557192.1428571428,1583.06,1589.24,1580.8700000000001,1597.1299999999999,372.6
2020-02-02,9198.6,9402.785714285714,9088.457142857143,9302.242857142857,707270.7142857143,1603.8600000000001,1611.16,1599.24,1620.3799999999999,2194.0
2020-02-09,9560.22857142857,9781.828571428572,9492.514285714284,9677.128571428571,668687.7142857143,1591.88,1597.2000000000003,1584.5400000000002,1608.1,428.6
2020-02-16,10147.942857142856,10316.085714285713,9922.557142857142,10115.628571428573,809467.0,1599.7666666666667,1601.7083333333333,1598.2583333333332,1610.6916666666666,347.0
2020-02-23,9763.714285714288,9930.442857142858,9534.485714285713,9764.92857142857,823842.2857142857,1631.3899999999999,1638.9299999999998,1629.81,1644.3899999999999,60.8
2020-03-01,9112.0,9202.757142857141,8773.742857142857,8911.42857142857,988528.7142857143,1668.0400000000002,1674.1599999999999,1666.2400000000002,1670.22,230.8
2020-03-08,8863.628571428571,9013.585714285715,8638.928571428574,8791.585714285715,949582.8571428572,1644.98,1665.44,1642.48,1667.92,154.6
2020-03-15,6769.085714285715,7096.628571428572,5943.4,6388.3714285714295,2077974.2857142857,1660.22,1660.2599999999998,1619.7800000000002,1633.02,90.6
2020-03-22,5654.371428571429,6035.071428571429,5301.071428571428,5719.728571428571,1965346.0,1504.5000000000002,1521.7800000000002,1491.26,1506.86,70.4
2020-03-29,6435.085714285714,6646.971428571429,6195.142857142857,6445.0,1378959.857142857,1616.3,1640.86,1610.8400000000001,1645.1599999999999,74.4
2020-04-05,6532.285714285715,6829.7,6418.971428571428,6658.357142857143,1263332.142857143,1628.4,1630.9,1625.66,1632.48,152.2
2020-04-12,7095.914285714286,7273.8714285714295,6924.5,7116.6,1158112.0,1710.4599999999998,1711.1200000000001,1710.4599999999998,1715.6,9.2
2020-04-19,6941.800000000001,7088.642857142857,6805.7,6970.914285714287,1762293.857142857,1751.3200000000002,1756.8200000000002,1745.9399999999998,1749.56,11.0
2020-04-26,7206.742857142858,7409.585714285714,7114.114285714286,7285.785714285716,1019781.4285714285,1731.8799999999999,1733.7,1720.56,1735.2,18.4
2020-05-03,8339.871428571427,8727.285714285714,8226.1,8512.314285714285,1257784.0,1726.52,1732.72,1718.72,1728.42,650.4
2020-05-10,9321.857142857143,9561.285714285714,8980.9,9300.928571428569,1584377.5714285714,1729.9999999999995,1733.44,1726.1599999999999,1743.58,98.4
2020-05-17,9127.614285714286,9518.685714285713,8946.757142857143,9263.699999999999,1537742.857142857,1742.6600000000003,1749.52,1739.7000000000003,1758.2400000000002,105.2
2020-05-24,9442.814285714285,9579.885714285714,9142.885714285714,9307.171428571428,1105689.2857142857,1775.4416666666668,1776.7166666666665,1769.8166666666666,1769.3083333333332,140.0
2020-05-31,9194.128571428571,9399.685714285715,9062.114285714286,9297.728571428572,809537.7142857143,1743.0900000000001,1750.31,1740.33,1751.14,74.8
2020-06-07,9704.828571428572,9915.957142857142,9469.314285714285,9745.985714285713,636302.2857142857,1759.8600000000001,1760.9,1745.4,1751.9199999999996,177.6
2020-06-14,9627.1,9724.085714285715,9430.342857142858,9570.271428571428,509851.71428571426,1764.0,1764.9599999999998,1758.1200000000001,1761.1200000000001,393.6
2020-06-21,9403.199999999999,9474.357142857143,9227.185714285715,9395.82857142857,476057.71428571426,1770.1,1774.08,1764.4599999999998,1771.4199999999996,167.6
2020-06-28,9331.742857142857,9447.814285714285,9141.257142857141,9307.157142857144,457117.0,1798.94,1804.3799999999999,1798.1200000000001,1807.7399999999998,154.2
2020-07-05,9137.285714285714,9204.271428571428,9029.242857142857,9131.185714285713,363137.14285714284,1809.86,1819.9,1807.5100000000002,1817.28,150.0
2020-07-12,9266.371428571427,9367.157142857144,9166.871428571429,9297.114285714286,432041.28571428574,1847.42,1855.08,1846.9399999999998,1857.1799999999998,507.6
2020-07-19,9208.171428571428,9243.471428571429,9126.942857142856,9195.0,374593.0,1853.2400000000002,1858.4599999999998,1851.5400000000002,1865.08,58.6
2020-07-26,9443.9,9608.142857142859,9386.385714285714,9549.42857142857,380591.4285714286,1900.8400000000001,1916.78,1899.94,1922.8,235.2
2020-08-02,11020.042857142858,11465.371428571429,10760.42857142857,11190.957142857142,633673.1428571428,1999.02,2020.8,1985.42,2010.7400000000002,128.0
2020-08-09,11474.8,11719.842857142858,11302.214285714286,11562.685714285713,459824.14285714284,2071.6800000000003,2088.72,2066.44,2074.46,163.2
2020-08-16,11697.942857142858,11867.600000000002,11462.07142857143,11728.971428571429,517228.85714285716,2018.5,2021.8400000000001,1998.98,2011.42,22.2
2020-08-23,11846.342857142858,11997.07142857143,11611.4,11809.914285714287,504868.71428571426,1992.42,2002.48,1984.7,2008.9399999999998,62.8
2020-08-30,11500.728571428572,11646.485714285713,11326.57142857143,11509.357142857143,480142.71428571426,1972.7599999999998,1976.1599999999999,1971.44,1975.9199999999996,24.0
2020-09-06,11058.014285714287,11243.842857142856,10603.657142857144,10857.471428571427,10047389.42857143,1976.4166666666667,1980.7666666666664,1966.2583333333332,1976.7916666666667,70.0
2020-09-13,10313.72857142857,10444.871428571429,10096.542857142855,10317.985714285713,1835209.4285714286,1960.44,1971.6599999999999,1953.0099999999998,1971.48,218.8
2020-09-20,10814.157142857144,11013.871428571429,10685.542857142855,10898.242857142857,75571.71428571429,1978.86,1987.92,1975.5400000000002,1991.4599999999998,95.2
2020-09-27,10609.371428571429,10747.085714285715,10407.085714285715,10588.27142857143,68780.0,1913.5600000000002,1916.6200000000001,1909.0199999999998,1913.2,81.6
2020-10-04,10689.557142857142,10788.628571428573,10552.5,10674.3,60178.71428571428,1914.6800000000003,1924.2,1909.4,1927.94,139.2
2020-10-11,10858.142857142857,11033.714285714286,10774.957142857142,10958.67142857143,60685.857142857145,1925.1199999999997,1933.9399999999998,1916.8200000000002,1936.86,46.0
2020-10-18,11419.600000000002,11551.085714285713,11280.328571428572,11438.871428571427,58777.142857142855,1936.08,1936.92,1932.4,1939.28,64.8
2020-10-25,12429.057142857144,12826.057142857144,12315.442857142856,12647.671428571428,94790.28571428571,1931.3399999999997,1938.8,1924.22,1942.6799999999998,119.4
2020-11-01,13406.257142857143,13732.357142857141,13134.014285714284,13510.3,105249.85714285714,1911.64,1915.48,1911.64,1918.4199999999996,25.2
2020-11-08,14498.214285714286,15031.285714285714,14068.885714285716,14743.428571428569,145153.42857142858,1938.7400000000002,1945.8,1938.7400000000002,1948.6799999999998,46.4
2020-11-15,15785.857142857143,16077.414285714287,15450.185714285715,15852.785714285714,114118.0,1895.1599999999999,1898.9599999999998,1895.1599999999999,1899.8799999999999,30.6
2020-11-22,17610.842857142856,18269.528571428575,17267.457142857143,17961.64285714286,146915.7142857143,1893.3600000000001,1895.3399999999997,1892.14,1900.8799999999999,84.2
2020-11-29,18104.185714285715,18602.285714285717,17391.442857142854,18065.785714285714,154205.57142857142,1838.1300000000003,1841.42,1827.8,1826.2,29.2
2020-12-06,19015.157142857144,19540.0,18523.471428571425,19186.485714285714,115834.14285714286,1835.1599999999999,1837.78,1830.6600000000003,1837.42,49.0
2020-12-13,18641.85714285714,18933.0,18152.228571428575,18614.257142857143,91968.28571428571,1866.44,1873.7400000000002,1854.28,1867.08,108.0
2020-12-20,21290.257142857146,22260.985714285714,20983.342857142856,21904.728571428568,150831.0,1874.22,1880.4800000000002,1868.3600000000001,1880.2599999999998,157.2
2020-12-27,24026.028571428567,25105.7,23379.242857142857,24421.62857142857,136841.57142857142,1892.0500000000002,1897.0,1885.4499999999998,1894.75,92.0
2021-01-03,28581.442857142858,30104.31428571429,28170.942857142858,29537.714285714283,148577.0,1903.9,1908.6,1898.94,1905.2400000000002,164.6
2021-01-10,36579.014285714286,38560.78571428572,34073.514285714286,37315.84285714285,218578.2857142857,1951.1799999999998,1961.14,1921.8,1931.5400000000002,1063.2
2021-01-17,36716.21428571428,38154.68571428571,33712.7,36411.88571428571,179651.85714285713,1851.4666666666665,1858.3666666666666,1846.216666666667,1855.0083333333332,265.6666666666667
2021-01-24,34246.357142857145,35361.52857142857,32231.571428571428,33752.171428571426,147072.42857142858,1851.6299999999999,1865.5300000000002,1848.81,1864.3600000000001,39.8
2021-01-31,32765.742857142854,34560.485714285714,31295.914285714283,32889.45714285714,167460.0,1862.42,1873.7,1857.8200000000002,1861.1,25.0
2021-02-07,36323.21428571428,37993.05714285715,35695.21428571429,37148.12857142857,130232.71428571429,1843.22,1846.92,1833.52,1837.2,217.4
2021-02-14,45590.39999999999,48196.72857142857,44363.471428571436,46987.82857142858,152799.42857142858,1838.3583333333333,1843.3833333333332,1835.408333333333,1838.8416666666665,131.83333333333334
2021-02-21,51602.97142857142,53807.34285714285,50461.97142857143,52861.642857142855,121924.0,1801.4599999999998,1806.8400000000001,1792.1,1795.89,77.2
2021-02-28,49936.614285714284,51178.91428571429,45665.885714285716,48185.04285714286,174317.14285714287,1802.1,1806.5,1783.02,1793.2,168.6
2021-03-07,48518.22857142857,50620.97142857143,47169.12857142857,49353.31428571428,79615.71428571429,1730.6599999999999,1736.7599999999998,1722.6599999999999,1726.28,303.0
2021-03-14,55763.071428571435,57750.142857142855,54153.114285714284,56916.5,112096.42857142857,1722.3399999999997,1731.22,1710.6599999999999,1722.48,342.0
2021-03-21,57766.87142857142,59198.714285714275,55647.94285714285,57545.1,99482.28571428571,1744.4,1748.3,1736.98,1741.7400000000002,244.2
2021-03-28,54334.857142857145,56092.557142857135,52709.52857142857,54131.81428571429,99213.85714285714,1740.5400000000002,1744.2400000000002,1735.1,1740.28,88.8
2021-04-04,57952.65714285714,59333.114285714284,56986.32857142857,58300.942857142865,79935.28571428571,1714.225,1726.65,1702.15,1717.9999999999998,135.5
2021-04-11,58184.60000000001,59463.357142857145,57184.74285714286,58408.8,75413.14285714286,1746.5,1750.1600000000003,1746.1600000000003,1750.7,163.6
2021-04-18,61568.799999999996,62830.81428571428,59194.2,61032.82857142857,121938.71428571429,1751.2,1762.8200000000002,1749.06,1760.5399999999997,121.6
2021-04-25,53584.299999999996,54365.71428571428,50782.34285714285,52553.58571428571,122470.42857142857,1790.0400000000002,1796.98,1783.3799999999999,1788.42,77.6
2021-05-02,54562.54285714286,56512.24285714286,53523.71428571428,55655.771428571425,86494.28571428571,1785.6799999999998,1788.2600000000002,1778.2599999999998,1781.6600000000003,92.2
2021-05-09,56810.31428571428,58537.87142857142,55451.08571428572,57024.799999999996,109325.85714285714,1797.98,1812.5199999999998,1796.2399999999998,1807.6600000000003,435.6
2021-05-16,52351.9,53933.6,49027.4,50658.34285714286,152477.57142857142,1840.0600000000002,1845.3,1830.6599999999999,1839.5600000000002,1074.6
2021-05-23,40702.4,42484.54285714286,35695.299999999996,39043.1,304802.0,1874.4,1886.4,1871.4399999999998,1882.8,387.6
2021-05-30,37127.94285714285,39017.78571428572,35418.67142857142,37242.18571428571,164114.7142857143,1901.3500000000001,1907.8333333333333,1897.0333333333335,1904.9583333333333,561.1666666666666
2021-06-06,36961.857142857145,38081.45714285714,35555.4,36987.99999999999,105698.71428571429,1902.5600000000002,1913.4399999999998,1889.05,1902.9300000000003,507.8
2021-06-13,35658.12857142857,37294.4,34050.62857142857,36106.78571428572,142481.0,1900.22,1907.86,1889.3200000000002,1898.8,1384.0
2021-06-20,38194.12857142858,38990.55714285715,36766.21428571428,37704.58571428571,121969.42857142857,1844.5399999999997,1851.6399999999999,1813.58,1831.3,666.6
2021-06-27,33136.67142857143,34547.78571428572,31123.657142857144,33006.34285714286,194002.7142857143,1783.3,1795.56,1777.8200000000002,1785.7199999999998,376.8
2021-07-04,34588.857142857145,35391.00000000001,33713.75714285715,34676.5,76358.28571428571,1781.0333333333335,1788.4833333333333,1773.1833333333332,1782.0833333333333,464.6666666666667
2021-07-11,33892.62857142858,34600.44285714286,33062.514285714286,33740.45714285714,72271.85714285714,1800.8799999999999,1814.8500000000004,1796.8700000000001,1804.48,2171.4
2021-07-18,32518.18571428571,32953.91428571429,31599.985714285714,32171.471428571425,65047.28571428572,1822.7599999999998,1829.7599999999998,1811.9,1822.98,2958.8
2021-07-25,32119.37142857143,33037.07142857143,31481.771428571432,32554.357142857138,79505.28571428571,1814.3200000000002,1819.3399999999997,1801.22,1811.92,1626.6
2021-08-01,39408.357142857145,41226.62857142858,38410.0,40052.65714285714,103644.71428571429,1813.8799999999999,1823.36,1806.0,1814.8200000000002,3024.2
2021-08-08,40742.57142857143,42110.45714285714,39590.41428571429,41300.74285714285,87843.57142857143,1816.06,1821.48,1799.6599999999999,1806.5400000000002,1750.0
2021-08-15,45789.771428571425,47049.34285714286,44658.79999999999,46246.81428571429,78828.71428571429,1749.3399999999997,1761.72,1726.5,1750.3600000000001,2833.4
2021-08-22,46753.31428571429,48100.41428571428,45917.34285714285,47088.84285714286,48220.857142857145,1787.9,1795.6200000000001,1780.58,1787.8400000000001,1367.0
2021-08-29,48611.771428571425,49568.18571428572,47550.857142857145,48545.614285714284,61967.42857142857,1798.22,1811.2000000000003,1788.92,1806.1,827.4
2021-09-05,48700.1,50000.12857142857,48009.042857142864,49128.97142857143,68753.57142857143,1820.0,1827.716666666667,1814.2749999999999,1821.9083333333335,1616.1666666666667
2021-09-12,47666.95714285714,48516.81428571429,45426.18571428572,46852.24285714286,84692.0,1810.8700000000001,1816.53,1796.69,1803.65,2845.8
2021-09-19,47078.01428571429,48033.02857142857,46098.85714285714,47247.68571428572,60225.0,1790.1799999999998,1798.42,1772.28,1782.94,2144.6
2021-09-26,43548.07142857143,44549.75714285714,41325.614285714284,42950.40000000001,90594.85714285714,1763.58,1776.56,1751.4199999999996,1766.56,2472.8
2021-10-03,43937.91428571429,45661.67142857143,43307.08571428571,44652.57142857143,57648.57142857143,1746.0400000000002,1759.7,1735.5400000000002,1747.4,5625.0
2021-10-10,52411.028571428564,54313.81428571429,51629.485714285714,53335.514285714286,81231.85714285714,1763.9600000000003,1773.08,1751.7600000000002,1763.28,4801.0
2021-10-17,57919.32857142857,59789.58571428572,56567.785714285725,58897.17142857143,72419.28571428571,1774.6,1787.08,1764.56,1777.1200000000001,4526.6
2021-10-24,62577.1,63937.12857142858,60918.771428571425,62484.77142857143,71565.71428571429,1775.8200000000002,1792.3,1773.02,1781.78,4240.2
2021-10-31,61049.8,62622.642857142855,59702.52857142857,61112.98571428571,62675.857142857145,1801.3799999999999,1809.2,1787.3399999999997,1799.1200000000001,6799.6
2021-11-07,61747.09999999999,62949.91428571429,60581.9,62028.50000000001,50160.142857142855,1788.4599999999998,1802.86,1778.8400000000001,1794.0,16530.6
2021-11-14,65140.514285714286,66670.62857142858,63711.98571428571,65458.98571428571,60197.0,1841.3,1856.8400000000001,1832.36,1850.1600000000003,48748.4
2021-11-21,60610.78571428572,61408.75714285713,58391.65714285714,59646.48571428571,71876.71428571429,1866.7399999999998,1875.5399999999997,1854.94,1863.4,51792.6
2021-11-28,56741.92857142857,58007.39999999999,54967.97142857143,56539.58571428572,65204.0,1806.7599999999998,1816.3200000000002,1787.83,1792.56,115034.0
2021-12-05,55499.3,56507.357142857145,52480.357142857145,54373.74285714286,83317.14285714286,1782.5400000000002,1796.36,1771.0199999999998,1778.52,184491.4
2021-12-12,50258.425,51206.7,48740.8,50227.5,63879.0,1784.1874999999998,1790.2625,1776.125,1781.425,58592.75
